<?xml version="1.0"?>
<Documento xmlns:xsi="http://www.w3.org/2001/XMLSchema-instance" xmlns:xsd="http://www.w3.org/2001/XMLSchema">
  <Documentos />
  <VersaoLiteral>
    <NumeroVersaoLiteral>1</NumeroVersaoLiteral>
    <IndicadorVersaoLiteralAtivo>false</IndicadorVersaoLiteralAtivo>
  </VersaoLiteral>
  <VersaoExecutavelSistema>
    <NumeroVersaoExecutavelSistema>4</NumeroVersaoExecutavelSistema>
    <NumeroVersaoBancoDadosSistema>1</NumeroVersaoBancoDadosSistema>
    <NumeroVersaoFixSistema />
    <NumeroVersaoScriptSistema />
    <QuantidadeDiasValidadeVersao>0</QuantidadeDiasValidadeVersao>
    <IndicadorAtualizacaoObrigatoria>0</IndicadorAtualizacaoObrigatoria>
    <CodigoTipoAtualizacao />
    <DataInicioValidadeVersao>0001-01-01T00:00:00</DataInicioValidadeVersao>
    <DataFimValidadeVersao>0001-01-01T00:00:00</DataFimValidadeVersao>
    <NotaUsuario />
    <Observacao />
    <ReleaseVersao>4..1.</ReleaseVersao>
  </VersaoExecutavelSistema>
  <CompanhiaAberta>
    <NumeroSequencialRegistroCvm>1981</NumeroSequencialRegistroCvm>
    <CodigoTipoParticipante>1</CodigoTipoParticipante>
    <CodigoCvm>01961-5</CodigoCvm>
    <IndicadorSociedadeAnonimaAtiva>false</IndicadorSociedadeAnonimaAtiva>
    <DescricaoClasse />
    <DescricaoCategoriaEmissor />
    <DescricaoSetorAtividade />
    <SiglaClasse />
    <DataEncerramentoExercicioSocial />
    <NomeRazaoSocialCompanhiaAberta>GRENDENE S.A.</NomeRazaoSocialCompanhiaAberta>
    <NumeroCnpjCompanhiaAberta />
    <CodigoCategoriaEmissor>0</CodigoCategoriaEmissor>
    <CodigoSituacaoRegistroCvm>0</CodigoSituacaoRegistroCvm>
    <CodigoSituacaoCompanhiaAberta>0</CodigoSituacaoCompanhiaAberta>
    <NumeroMesEncerramentoExercicioSocial>0</NumeroMesEncerramentoExercicioSocial>
    <NumeroAnoEncerramentoExercicioSocial>0</NumeroAnoEncerramentoExercicioSocial>
    <TipoEmpresa>0</TipoEmpresa>
    <DataRegistroCvm>0001-01-01T00:00:00</DataRegistroCvm>
    <DataInicioRazaoSocial>0001-01-01T00:00:00</DataInicioRazaoSocial>
    <DataConstituicaoEmpresa>0001-01-01T00:00:00</DataConstituicaoEmpresa>
    <DataInicioSituacaoCompanhiaAberta>0001-01-01T00:00:00</DataInicioSituacaoCompanhiaAberta>
    <DataInicioSituacaoRegistroCvm>0001-01-01T00:00:00</DataInicioSituacaoRegistroCvm>
    <CodigoSetorAtividadeEmpresa>0</CodigoSetorAtividadeEmpresa>
    <CodigoEspecieControleAcionario>0</CodigoEspecieControleAcionario>
    <DataUltimaAlteracaoControleAcionario>0001-01-01T00:00:00</DataUltimaAlteracaoControleAcionario>
    <DataRegistroAtualCategoriaEmissorCvm>0001-01-01T00:00:00</DataRegistroAtualCategoriaEmissorCvm>
    <QtdeLoginRelacionados>0</QtdeLoginRelacionados>
  </CompanhiaAberta>
  <AssuntoDocumento />
  <PublicacaoDocumento />
  <NumeroSequencialDocumento>7445</NumeroSequencialDocumento>
  <CodigoTipoDocumento>1</CodigoTipoDocumento>
  <NumeroSeqRegistroCVM>1981</NumeroSeqRegistroCVM>
  <DescricaoTipoDocumento>Formulário Cadastral</DescricaoTipoDocumento>
  <DataReferenciaDocumento>2011-01-01T00:00:00</DataReferenciaDocumento>
  <NumeroVersaoDocumento>3</NumeroVersaoDocumento>
  <IndicadorPendenciaDocumento>true</IndicadorPendenciaDocumento>
  <IndicadorArquivoValido>false</IndicadorArquivoValido>
  <CodigoMoeda>1</CodigoMoeda>
  <CodigoEscalaMoeda>1</CodigoEscalaMoeda>
  <CodigoEscalaQuantidade>1</CodigoEscalaQuantidade>
  <DataGeracaoArquivo>0001-01-01T00:00:00</DataGeracaoArquivo>
  <TextoCaminhoGeracaoArquivo />
  <CodigoTipoApresentacao>2</CodigoTipoApresentacao>
  <NumeroExigenciaReapresentacaoCvm />
  <CodigoTipoEntregaDocumento>0</CodigoTipoEntregaDocumento>
  <ProtocoloEntrega>019615FCA000020110300007445-78</ProtocoloEntrega>
  <DataEntrega>2011-05-10T11:17:55</DataEntrega>
  <NomeLoginResponsavelEntrega>19615</NomeLoginResponsavelEntrega>
  <DocumentoRelacionado xsi:nil="true" />
  <NumeroVersaoGrupoQuadroCampo>1</NumeroVersaoGrupoQuadroCampo>
  <MotivosReapresentacaoDocumento />
  <ControlesDominio />
  <DetalhesDominio />
  <SituacaoArquivo>
    <CodigoSituacaoArquivo>1</CodigoSituacaoArquivo>
    <IndicadorExibicaoArquivoSite>true</IndicadorExibicaoArquivoSite>
    <Instituicao>
      <RegistroCvm>
        <NumeroSequencialRegistroCvm>0</NumeroSequencialRegistroCvm>
        <CodigoTipoParticipante>0</CodigoTipoParticipante>
        <CodigoCvm />
        <IndicadorSociedadeAnonimaAtiva>false</IndicadorSociedadeAnonimaAtiva>
      </RegistroCvm>
      <CodigoInstituicao>0</CodigoInstituicao>
      <IndicadorGerenciamentoAtivo>false</IndicadorGerenciamentoAtivo>
    </Instituicao>
    <TextoLogRecebimentoAutomatico />
  </SituacaoArquivo>
  <HistoricosAcao />
  <TipoAnalise>false</TipoAnalise>
  <Ano>0</Ano>
  <TextoAnaliseCVM />
  <TipoSituacaoAnaliseCVM />
  <CodigoCategoria>0</CodigoCategoria>
  <CodigoTipo>0</CodigoTipo>
  <CodigoEspecie>0</CodigoEspecie>
  <DataFimCompetenciaArquivo>0001-01-01T00:00:00</DataFimCompetenciaArquivo>
  <DataInicioCompetenciaArquivo>0001-01-01T00:00:00</DataInicioCompetenciaArquivo>
  <DataRecebimentoArquivo>0001-01-01T00:00:00</DataRecebimentoArquivo>
  <TipoFormatoDataReferencia>0</TipoFormatoDataReferencia>
  <FlagAssunto>0</FlagAssunto>
  <FlagPublicacao>0</FlagPublicacao>
  <DataFimVigenciaCategoria>0001-01-01T00:00:00</DataFimVigenciaCategoria>
  <DataInicioVigenciaCategoria>0001-01-01T00:00:00</DataInicioVigenciaCategoria>
  <IndicadorDataRelacionadaCategoria>0</IndicadorDataRelacionadaCategoria>
  <SituacaoCategoria>0</SituacaoCategoria>
  <TipoFormatoDataCategoria>0</TipoFormatoDataCategoria>
  <DataFimVigenciaTipo>0001-01-01T00:00:00</DataFimVigenciaTipo>
  <DataInicioVigenciaTipo>0001-01-01T00:00:00</DataInicioVigenciaTipo>
  <IndicadorDataRElacionadaTipo>0</IndicadorDataRElacionadaTipo>
  <SituacaoTipo>0</SituacaoTipo>
  <TipoFormatoDataTipo>0</TipoFormatoDataTipo>
  <DateTimeDataFimVigenciaEspecie>0001-01-01T00:00:00</DateTimeDataFimVigenciaEspecie>
  <DateTimeDataInicioVigenciaEspecie>0001-01-01T00:00:00</DateTimeDataInicioVigenciaEspecie>
  <IndicadorDataRelacionadaEspecie>0</IndicadorDataRelacionadaEspecie>
  <SituacaoEspecie>0</SituacaoEspecie>
  <TipoFormatoDataEspecie>0</TipoFormatoDataEspecie>
  <CodigoPeriodicidadeArquivo>0</CodigoPeriodicidadeArquivo>
  <TipoDataCompetencia>0</TipoDataCompetencia>
  <CodigoTipoPeriodicidade>0</CodigoTipoPeriodicidade>
  <TamanhoMaximoArquivo>0</TamanhoMaximoArquivo>
  <CodigoClassificacao>0</CodigoClassificacao>
  <DataReferenciaArquivo>0001-01-01T00:00:00</DataReferenciaArquivo>
  <TipoApresentacaoArquivo>0</TipoApresentacaoArquivo>
  <TipoArquivo>0</TipoArquivo>
  <TamanhoArquivo>0</TamanhoArquivo>
  <FlagReferenciaDataCompetencia>0</FlagReferenciaDataCompetencia>
  <TipoEnvio>0</TipoEnvio>
  <CodigoFormatoArquivo>0</CodigoFormatoArquivo>
  <ValorPeriodicidade>0</ValorPeriodicidade>
  <CodigoDRI>0</CodigoDRI>
  <NumeroProtocoloArquivoIpe>0</NumeroProtocoloArquivoIpe>
  <CodigoRiArquivo>0</CodigoRiArquivo>
  <IndicadorPertenceConnvenioCVM>0</IndicadorPertenceConnvenioCVM>
  <CodigoPacoteProvento>0</CodigoPacoteProvento>
  <NumeroVersaoPacoteProvento>0</NumeroVersaoPacoteProvento>
  <CodigoDocumentoValorMobiliario>0</CodigoDocumentoValorMobiliario>
  <CodigoDocumentoEventoCorporativo>0</CodigoDocumentoEventoCorporativo>
  <Pendencias />
</Documento>