CNPJ_Companhia;Data_Referencia;Versao;ID_Documento;Sigla_Classe_Acoes_Preferenciais;Classe_Acoes_Preferenciais;Quantidade_Acoes_Preferenciais_Circulacao;Percentual_Acoes_Preferenciais_Circulacao
01.468.594/0001-22;2021-01-01;2;102754;PNA;Preferencial Classe A;0;0.000000
01.599.101/0001-93;2021-01-01;3;103150;PNA;Preferencial Classe A;0;0.000000
02.105.040/0001-23;2021-12-31;1;100560;PNA;Preferencial Classe A;246;0.590651
04.149.454/0001-80;2021-01-01;3;102431;PNA;Preferencial Classe A;0;0.000000
09.041.168/0001-10;2021-01-01;4;103103;PNA;Preferencial Classe A;0;0.000000
09.229.201/0001-30;2021-01-01;2;103049;PNA;Preferencial Classe A;0;0.000000
10.807.374/0001-77;2021-01-01;2;103110;PNA;Preferencial Classe A;0;0.000000
16.670.085/0001-55;2021-01-01;2;102211;PNA;Preferencial Classe A;0;0.000000
16.676.520/0001-59;2021-01-01;3;103149;PNA;Preferencial Classe A;0;0.000000
30.540.991/0001-66;2021-01-01;1;102253;PNA;Preferencial Classe A;0;0.000000
60.637.238/0001-54;2021-01-01;1;103061;PNA;Preferencial Classe A;3346095;79.310000
61.486.650/0001-83;2021-01-01;3;102851;PNA;Preferencial Classe A;0;0.000000
82.643.537/0001-34;2021-01-01;1;102342;PNA;Preferencial Classe A;12750000;56.666667
88.613.658/0001-10;2021-06-30;1;98944;PNA;Preferencial Classe A;31585060;100.000000
92.754.738/0001-62;2021-01-01;2;103192;PNA;Preferencial Classe A;0;0.000000
