Data;Último;ibovespa;var_diaria_ibovespa;var_52_dias_ibovespa
01/11/2011;57.322,75;99,12;-1,74%;
03/11/2011;58.196,30;100,63;1,52%;
04/11/2011;58.669,92;101,45;0,81%;
07/11/2011;59.198,77;102,37;0,90%;
08/11/2011;59.026,13;102,07;-0,29%;
09/11/2011;57.549,74;99,52;-2,50%;
10/11/2011;57.321,81;99,12;-0,40%;
11/11/2011;58.546,97;101,24;2,14%;
14/11/2011;58.258,23;100,74;-0,49%;
16/11/2011;58.559,99;101,26;0,52%;
17/11/2011;56.988,90;98,55;-2,68%;
18/11/2011;56.731,34;98,10;-0,45%;
21/11/2011;56.284,59;97,33;-0,79%;
22/11/2011;55.878,44;96,63;-0,72%;
23/11/2011;54.972,08;95,06;-1,62%;
24/11/2011;55.279,88;95,59;0,56%;
25/11/2011;54.894,49;94,93;-0,70%;
28/11/2011;56.017,35;96,87;2,05%;
29/11/2011;55.299,76;95,63;-1,28%;
30/11/2011;56.874,98;98,35;2,85%;
01/12/2011;58.143,42;100,54;2,23%;
02/12/2011;57.885,85;100,10;-0,44%;
05/12/2011;58.910,48;101,87;1,77%;
06/12/2011;59.536,16;102,95;1,06%;
07/12/2011;58.662,83;101,44;-1,47%;
08/12/2011;57.455,02;99,35;-2,06%;
09/12/2011;58.236,46;100,70;1,36%;
12/12/2011;57.346,86;99,17;-1,53%;
13/12/2011;57.494,85;99,42;0,26%;
14/12/2011;56.646,87;97,96;-1,47%;
15/12/2011;56.331,15;97,41;-0,56%;
16/12/2011;56.096,93;97,00;-0,42%;
19/12/2011;55.298,33;95,62;-1,42%;
20/12/2011;56.864,85;98,33;2,83%;
21/12/2011;56.653,37;97,97;-0,37%;
22/12/2011;57.347,87;99,17;1,23%;
23/12/2011;57.701,07;99,78;0,62%;
26/12/2011;57.669,48;99,72;-0,05%;
27/12/2011;58.005,20;100,30;0,58%;
28/12/2011;56.533,76;97,76;-2,54%;
29/12/2011;56.754,08;98,14;0,39%;
02/01/2012;57.829,27;100,00;1,89%;
03/01/2012;59.264,87;102,48;2,48%;
04/01/2012;59.364,95;102,66;0,17%;
05/01/2012;58.546,08;101,24;-1,38%;
06/01/2012;58.600,37;101,33;0,09%;
09/01/2012;59.082,88;102,17;0,82%;
10/01/2012;59.805,96;103,42;1,22%;
11/01/2012;59.962,40;103,69;0,26%;
12/01/2012;59.920,78;103,62;-0,07%;
13/01/2012;59.146,58;102,28;-1,29%;
16/01/2012;59.956,46;103,68;1,37%;4,59%
17/01/2012;60.645,90;104,87;1,15%;4,21%
18/01/2012;61.722,86;106,73;1,78%;5,20%
19/01/2012;61.926,69;107,09;0,33%;4,61%
20/01/2012;62.312,13;107,75;0,62%;5,57%
23/01/2012;62.386,24;107,88;0,12%;8,40%
24/01/2012;62.486,22;108,05;0,16%;9,01%
26/01/2012;62.953,06;108,86;0,75%;7,53%
27/01/2012;62.904,20;108,78;-0,08%;7,97%
30/01/2012;62.770,01;108,54;-0,21%;7,19%
31/01/2012;63.072,31;109,07;0,48%;10,67%
01/02/2012;64.567,18;111,65;2,37%;13,81%
02/02/2012;64.593,10;111,70;0,04%;14,76%
03/02/2012;65.217,37;112,78;0,97%;16,71%
06/02/2012;65.223,72;112,79;0,01%;18,65%
07/02/2012;65.917,02;113,99;1,06%;19,24%
08/02/2012;65.831,16;113,84;-0,13%;19,92%
09/02/2012;65.530,49;113,32;-0,46%;16,98%
10/02/2012;63.997,86;110,67;-2,34%;15,73%
13/02/2012;65.691,53;113,60;2,65%;15,50%
14/02/2012;65.038,53;112,47;-0,99%;11,86%
15/02/2012;65.368,49;113,04;0,51%;12,93%
16/02/2012;66.141,70;114,37;1,18%;12,27%
17/02/2012;66.203,50;114,48;0,09%;11,20%
22/02/2012;66.092,77;114,29;-0,17%;12,67%
23/02/2012;65.819,62;113,82;-0,41%;14,56%
24/02/2012;65.942,73;114,03;0,19%;13,23%
27/02/2012;65.241,49;112,82;-1,06%;13,77%
28/02/2012;65.958,78;114,06;1,10%;14,72%
29/02/2012;65.811,73;113,80;-0,22%;16,18%
01/03/2012;66.809,80;115,53;1,52%;18,60%
02/03/2012;67.781,60;117,21;1,45%;20,83%
05/03/2012;66.964,03;115,80;-1,21%;21,10%
06/03/2012;65.114,15;112,60;-2,76%;14,51%
07/03/2012;66.016,76;114,16;1,39%;16,53%
08/03/2012;66.908,39;115,70;1,35%;16,67%
09/03/2012;66.703,96;115,35;-0,31%;15,60%
12/03/2012;66.384,76;114,79;-0,48%;15,11%
13/03/2012;68.394,33;118,27;3,03%;17,91%
14/03/2012;68.257,22;118,03;-0,20%;20,74%
15/03/2012;67.749,49;117,15;-0,74%;19,37%
16/03/2012;67.684,13;117,04;-0,10%;17,04%
19/03/2012;67.730,31;117,12;0,07%;14,28%
20/03/2012;67.295,56;116,37;-0,64%;13,36%
21/03/2012;66.860,05;115,62;-0,65%;14,20%
22/03/2012;65.828,19;113,83;-1,54%;12,33%
23/03/2012;65.812,95;113,81;-0,02%;11,39%
26/03/2012;66.684,59;115,31;1,32%;11,50%
27/03/2012;66.037,35;114,19;-0,97%;10,13%
28/03/2012;65.079,34;112,54;-1,45%;8,61%
29/03/2012;64.871,99;112,18;-0,32%;9,68%
30/03/2012;64.510,97;111,55;-0,56%;7,60%
02/04/2012;65.216,25;112,77;1,09%;7,54%
03/04/2012;64.284,26;111,16;-1,43%;4,15%
04/04/2012;63.528,65;109,86;-1,18%;2,59%
05/04/2012;63.691,18;110,14;0,26%;2,21%
09/04/2012;62.923,21;108,81;-1,21%;0,86%
10/04/2012;61.738,28;106,76;-1,88%;-1,20%
11/04/2012;61.293,14;105,99;-0,72%;-2,64%
12/04/2012;63.058,00;109,04;2,88%;0,24%
13/04/2012;62.105,60;107,39;-1,51%;-1,06%
16/04/2012;61.954,55;107,13;-0,24%;-1,77%
17/04/2012;62.698,87;108,42;1,20%;-2,89%
18/04/2012;63.010,48;108,96;0,50%;-2,45%
19/04/2012;62.618,41;108,28;-0,62%;-3,99%
20/04/2012;62.494,08;108,07;-0,20%;-4,19%
23/04/2012;61.539,38;106,42;-1,53%;-6,64%
24/04/2012;61.971,14;107,16;0,70%;-5,86%
25/04/2012;61.750,38;106,78;-0,36%;-5,77%
26/04/2012;62.198,06;107,55;0,72%;-2,81%
27/04/2012;61.691,21;106,68;-0,81%;-6,09%
30/04/2012;61.820,26;106,90;0,21%;-4,95%
02/05/2012;62.423,56;107,94;0,98%;-4,51%
03/05/2012;62.104,15;107,39;-0,51%;-6,10%
04/05/2012;60.820,93;105,17;-2,07%;-8,13%
07/05/2012;61.220,43;105,86;0,66%;-7,37%
08/05/2012;60.365,48;104,39;-1,40%;-8,29%
09/05/2012;59.786,12;103,38;-0,96%;-9,34%
10/05/2012;59.702,05;103,24;-0,14%;-8,49%
11/05/2012;59.445,21;102,79;-0,43%;-9,88%
14/05/2012;57.539,61;99,50;-3,21%;-12,57%
15/05/2012;56.237,97;97,25;-2,26%;-15,82%
16/05/2012;55.887,57;96,64;-0,62%;-17,55%
17/05/2012;54.038,20;93,44;-3,31%;-19,30%
18/05/2012;54.513,16;94,27;0,88%;-16,28%
21/05/2012;56.590,24;97,86;3,81%;-14,28%
22/05/2012;55.038,75;95,17;-2,74%;-17,74%
23/05/2012;54.619,48;94,45;-0,76%;-18,12%
24/05/2012;54.063,00;93,49;-1,02%;-18,56%
25/05/2012;54.463,16;94,18;0,74%;-20,37%
28/05/2012;55.212,69;95,48;1,38%;-19,11%
29/05/2012;54.633,06;94,47;-1,05%;-19,36%
30/05/2012;53.797,91;93,03;-1,53%;-20,52%
31/05/2012;54.490,41;94,23;1,29%;-19,55%
01/06/2012;53.402,90;92,35;-2,00%;-20,64%
04/06/2012;53.416,75;92,37;0,03%;-20,11%
05/06/2012;52.481,44;90,75;-1,75%;-20,28%
06/06/2012;54.156,04;93,65;3,19%;-17,71%
08/06/2012;54.429,85;94,12;0,51%;-18,38%
11/06/2012;54.001,45;93,38;-0,79%;-18,23%
12/06/2012;55.049,03;95,19;1,94%;-15,41%
13/06/2012;55.650,51;96,23;1,09%;-14,21%
14/06/2012;55.351,67;95,72;-0,54%;-14,20%
15/06/2012;56.104,69;97,02;1,36%;-13,97%
18/06/2012;56.195,21;97,17;0,16%;-12,58%
19/06/2012;57.195,49;98,90;1,78%;-9,97%
20/06/2012;57.166,55;98,85;-0,05%;-10,24%
21/06/2012;55.505,17;95,98;-2,91%;-11,79%
22/06/2012;55.439,50;95,87;-0,12%;-10,20%
25/06/2012;53.805,38;93,04;-2,95%;-12,22%
26/06/2012;53.836,57;93,10;0,06%;-14,62%
27/06/2012;53.108,93;91,84;-1,35%;-14,49%
28/06/2012;52.652,25;91,05;-0,86%;-15,01%
29/06/2012;54.354,63;93,99;3,23%;-13,31%
02/07/2012;54.692,79;94,58;0,62%;-13,20%
03/07/2012;55.780,32;96,46;1,99%;-10,92%
04/07/2012;56.076,82;96,97;0,53%;-10,27%
05/07/2012;56.379,06;97,49;0,54%;-8,39%
06/07/2012;55.394,05;95,79;-1,75%;-10,61%
10/07/2012;53.705,82;92,87;-3,05%;-13,03%
11/07/2012;53.569,14;92,63;-0,25%;-13,87%
12/07/2012;53.420,87;92,38;-0,28%;-13,41%
13/07/2012;54.330,51;93,95;1,70%;-12,12%
16/07/2012;53.401,80;92,34;-1,71%;-14,45%
17/07/2012;53.909,47;93,22;0,95%;-13,20%
18/07/2012;54.583,13;94,39;1,25%;-10,26%
19/07/2012;55.346,65;95,71;1,40%;-9,59%
20/07/2012;54.194,79;93,72;-2,08%;-10,22%
23/07/2012;53.033,96;91,71;-2,14%;-11,29%
24/07/2012;52.638,63;91,02;-0,75%;-11,83%
25/07/2012;52.607,54;90,97;-0,06%;-11,50%
26/07/2012;54.002,72;93,38;2,65%;-6,15%
27/07/2012;56.553,12;97,79;4,72%;0,56%
30/07/2012;57.240,92;98,98;1,22%;2,42%
31/07/2012;56.097,05;97,00;-2,00%;3,81%
01/08/2012;56.291,93;97,34;0,35%;3,26%
02/08/2012;55.520,40;96,01;-1,37%;-1,89%
03/08/2012;57.255,22;99,01;3,12%;4,03%
06/08/2012;58.344,61;100,89;1,90%;6,82%
07/08/2012;57.725,66;99,82;-1,06%;6,77%
08/08/2012;58.950,98;101,94;2,12%;8,24%
09/08/2012;58.797,13;101,67;-0,26%;6,49%
10/08/2012;59.280,93;102,51;0,82%;8,51%
13/08/2012;59.122,74;102,24;-0,27%;9,90%
14/08/2012;58.082,92;100,44;-1,76%;6,59%
15/08/2012;58.189,28;100,62;0,18%;8,96%
16/08/2012;59.445,79;102,80;2,16%;11,29%
17/08/2012;59.082,37;102,17;-0,61%;12,58%
20/08/2012;59.283,09;102,51;0,34%;9,47%
21/08/2012;58.917,73;101,88;-0,62%;8,25%
22/08/2012;59.380,76;102,68;0,79%;9,96%
23/08/2012;58.511,55;101,18;-1,46%;6,29%
24/08/2012;58.425,76;101,03;-0,15%;4,99%
27/08/2012;58.111,46;100,49;-0,54%;4,99%
28/08/2012;58.406,40;101,00;0,51%;4,10%
29/08/2012;57.369,19;99,20;-1,78%;2,09%
30/08/2012;57.256,43;99,01;-0,20%;0,11%
31/08/2012;57.061,45;98,67;-0,34%;-0,18%
03/09/2012;57.281,45;99,05;0,39%;3,20%
04/09/2012;56.233,90;97,24;-1,83%;1,43%
05/09/2012;56.863,91;98,33;1,12%;5,68%
06/09/2012;58.321,24;100,85;2,56%;8,33%
10/09/2012;58.404,10;100,99;0,14%;9,97%
11/09/2012;59.422,55;102,76;1,74%;12,86%
12/09/2012;59.921,80;103,62;0,84%;10,24%
13/09/2012;61.958,12;107,14;3,40%;13,28%
14/09/2012;62.105,47;107,39;0,24%;11,34%
17/09/2012;61.805,98;106,88;-0,48%;10,22%
18/09/2012;61.804,33;106,87;0,00%;9,62%
19/09/2012;61.651,83;106,61;-0,25%;11,30%
20/09/2012;61.687,97;106,67;0,06%;14,86%
21/09/2012;61.320,07;106,04;-0,60%;14,47%
24/09/2012;61.909,99;107,06;0,96%;15,89%
25/09/2012;60.501,10;104,62;-2,28%;11,36%
26/09/2012;60.478,05;104,58;-0,04%;13,25%
27/09/2012;60.239,79;104,17;-0,39%;11,74%
28/09/2012;59.175,86;102,33;-1,77%;8,41%
01/10/2012;59.570,80;103,01;0,67%;7,63%
02/10/2012;59.222,08;102,41;-0,59%;9,28%
03/10/2012;58.627,33;101,38;-1,00%;10,55%
04/10/2012;58.458,00;101,09;-0,29%;11,06%
05/10/2012;58.571,59;101,28;0,19%;11,34%
08/10/2012;59.317,15;102,57;1,27%;9,84%
09/10/2012;58.939,46;101,92;-0,64%;4,22%
10/10/2012;58.456,28;101,08;-0,82%;2,12%
11/10/2012;59.161,72;102,30;1,21%;5,46%
15/10/2012;59.601,71;103,06;0,74%;5,88%
16/10/2012;59.743,87;103,31;0,24%;7,61%
17/10/2012;60.087,29;103,90;0,57%;4,95%
18/10/2012;59.733,90;103,29;-0,59%;2,38%
19/10/2012;58.922,04;101,89;-1,36%;2,07%
22/10/2012;58.700,30;101,51;-0,38%;-0,43%
23/10/2012;57.690,24;99,76;-1,72%;-1,88%
24/10/2012;57.160,74;98,84;-0,92%;-3,58%
25/10/2012;57.836,78;100,01;1,18%;-2,18%
26/10/2012;57.276,81;99,04;-0,97%;-1,39%
29/10/2012;57.176,58;98,87;-0,17%;-1,74%
30/10/2012;57.683,76;99,75;0,89%;-2,96%
31/10/2012;57.068,18;98,68;-1,07%;-3,41%
01/11/2012;58.382,68;100,96;2,30%;-1,52%
05/11/2012;58.209,76;100,66;-0,30%;-1,20%
06/11/2012;59.458,59;102,82;2,15%;0,13%
07/11/2012;58.517,35;101,19;-1,58%;0,01%
08/11/2012;57.524,45;99,47;-1,70%;-1,54%
09/11/2012;57.357,71;99,18;-0,29%;-1,30%
12/11/2012;57.064,31;98,68;-0,51%;-2,30%
13/11/2012;57.486,07;99,41;0,74%;0,20%
14/11/2012;56.279,36;97,32;-2,10%;-1,71%
16/11/2012;55.402,33;95,80;-1,56%;-2,91%
19/11/2012;56.450,86;97,62;1,89%;-1,45%
21/11/2012;56.242,12;97,26;-0,37%;0,01%
22/11/2012;56.436,97;97,59;0,35%;-0,75%
23/11/2012;57.574,03;99,56;2,01%;-1,28%
26/11/2012;56.737,10;98,11;-1,45%;-2,85%
27/11/2012;56.248,09;97,27;-0,86%;-5,34%
28/11/2012;56.539,40;97,77;0,52%;-5,64%
29/11/2012;57.852,53;100,04;2,32%;-6,63%
30/11/2012;57.474,57;99,39;-0,65%;-7,46%
03/12/2012;58.202,35;100,65;1,27%;-5,83%
04/12/2012;57.563,23;99,54;-1,10%;-6,86%
05/12/2012;57.678,62;99,74;0,20%;-6,44%
06/12/2012;57.656,42;99,70;-0,04%;-6,54%
07/12/2012;58.487,32;101,14;1,44%;-4,62%
10/12/2012;59.248,23;102,45;1,30%;-4,30%
11/12/2012;59.623,34;103,10;0,63%;-1,45%
12/12/2012;59.474,18;102,84;-0,25%;-1,66%
13/12/2012;59.316,75;102,57;-0,26%;-1,53%
14/12/2012;59.604,92;103,07;0,49%;0,73%
17/12/2012;59.566,52;103,00;-0,06%;-0,01%
18/12/2012;60.460,73;104,55;1,50%;2,09%
19/12/2012;60.998,34;105,48;0,89%;4,04%
20/12/2012;61.276,12;105,96;0,46%;4,82%
21/12/2012;61.007,03;105,50;-0,44%;4,16%
26/12/2012;60.959,79;105,41;-0,08%;2,77%
27/12/2012;60.415,95;104,47;-0,89%;2,51%
28/12/2012;60.952,08;105,40;0,89%;4,27%
02/01/2013;62.550,10;108,16;2,62%;5,73%
03/01/2013;63.312,46;109,48;1,22%;6,23%
04/01/2013;62.523,06;108,12;-1,25%;4,65%
07/01/2013;61.932,54;107,10;-0,94%;3,07%
08/01/2013;61.127,84;105,70;-1,30%;2,33%
09/01/2013;61.578,58;106,48;0,74%;4,51%
10/01/2013;61.678,31;106,66;0,16%;5,07%
11/01/2013;61.497,43;106,34;-0,29%;6,60%
14/01/2013;62.080,79;107,35;0,95%;8,61%
15/01/2013;61.727,61;106,74;-0,57%;6,73%
16/01/2013;61.787,35;106,84;0,10%;7,87%
17/01/2013;62.194,06;107,55;0,66%;8,78%
18/01/2013;61.956,14;107,14;-0,38%;7,41%
21/01/2013;61.899,71;107,04;-0,09%;8,47%
22/01/2013;61.692,29;106,68;-0,34%;5,67%
23/01/2013;61.966,26;107,15;0,44%;6,45%
24/01/2013;61.169,83;105,78;-1,29%;2,88%
28/01/2013;60.027,07;103,80;-1,87%;2,58%
29/01/2013;60.406,33;104,46;0,63%;5,01%
30/01/2013;59.336,70;102,61;-1,77%;3,45%
31/01/2013;59.761,49;103,34;0,72%;4,73%
01/02/2013;60.351,16;104,36;0,99%;4,98%
04/02/2013;59.575,66;103,02;-1,28%;5,86%
05/02/2013;59.444,97;102,79;-0,22%;7,30%
06/02/2013;58.951,07;101,94;-0,83%;4,43%
07/02/2013;58.372,46;100,94;-0,98%;3,79%
08/02/2013;58.497,83;101,16;0,21%;3,65%
13/02/2013;58.405,74;101,00;-0,16%;1,44%
14/02/2013;58.077,31;100,43;-0,56%;2,36%
15/02/2013;57.903,30;100,13;-0,30%;2,94%
18/02/2013;57.613,90;99,63;-0,50%;1,90%
19/02/2013;57.314,40;99,11;-0,52%;-0,93%
20/02/2013;56.177,60;97,14;-1,98%;-2,26%
21/02/2013;56.154,68;97,10;-0,04%;-3,52%
22/02/2013;56.697,06;98,04;0,97%;-1,50%
25/02/2013;56.617,56;97,90;-0,14%;-1,84%
26/02/2013;56.948,87;98,48;0,59%;-1,23%
27/02/2013;57.273,88;99,04;0,57%;-2,07%
28/02/2013;57.424,29;99,30;0,26%;-3,08%
01/03/2013;56.883,99;98,37;-0,94%;-4,59%
04/03/2013;56.499,17;97,70;-0,68%;-5,00%
05/03/2013;55.950,73;96,75;-0,97%;-5,67%
06/03/2013;57.940,14;100,19;3,56%;-2,79%
07/03/2013;58.846,81;101,76;1,56%;-1,21%
08/03/2013;58.432,75;101,04;-0,70%;-3,35%
11/03/2013;58.544,79;101,24;0,19%;-4,02%
12/03/2013;58.208,61;100,66;-0,57%;-5,01%
13/03/2013;57.385,90;99,23;-1,41%;-5,94%
14/03/2013;57.281,02;99,05;-0,18%;-6,03%
15/03/2013;56.869,28;98,34;-0,72%;-5,87%
18/03/2013;56.972,96;98,52;0,18%;-6,53%
19/03/2013;56.361,24;97,46;-1,07%;-9,89%
20/03/2013;56.030,03;96,89;-0,59%;-11,50%
21/03/2013;55.576,67;96,10;-0,81%;-11,11%
22/03/2013;55.243,40;95,53;-0,60%;-10,80%
25/03/2013;54.873,12;94,89;-0,67%;-10,23%
26/03/2013;55.671,39;96,27;1,45%;-9,59%
27/03/2013;56.034,29;96,90;0,65%;-9,15%
28/03/2013;56.352,09;97,45;0,57%;-8,37%
01/04/2013;55.902,18;96,67;-0,80%;-9,95%
02/04/2013;54.889,10;94,92;-1,81%;-11,08%
03/04/2013;55.562,74;96,08;1,23%;-10,07%
04/04/2013;54.648,15;94,50;-1,65%;-12,13%
05/04/2013;55.050,60;95,20;0,74%;-11,15%
08/04/2013;55.092,31;95,27;0,08%;-11,00%
09/04/2013;55.912,04;96,68;1,49%;-9,37%
10/04/2013;56.186,56;97,16;0,49%;-9,33%
11/04/2013;55.400,91;95,80;-1,40%;-9,43%
12/04/2013;54.962,65;95,04;-0,79%;-8,44%
15/04/2013;52.949,93;91,56;-3,66%;-12,34%
16/04/2013;53.990,83;93,36;1,97%;-9,01%
17/04/2013;52.881,96;91,44;-2,05%;-11,51%
18/04/2013;53.165,91;91,94;0,54%;-11,91%
19/04/2013;53.928,92;93,26;1,44%;-9,48%
22/04/2013;54.297,73;93,89;0,68%;-8,66%
23/04/2013;54.884,75;94,91;1,08%;-6,90%
24/04/2013;54.984,23;95,08;0,18%;-5,80%
25/04/2013;54.963,32;95,04;-0,04%;-6,04%
26/04/2013;54.252,04;93,81;-1,29%;-7,11%
29/04/2013;54.887,25;94,91;1,17%;-5,49%
30/04/2013;55.910,37;96,68;1,86%;-3,44%
02/05/2013;55.321,93;95,66;-1,05%;-3,98%
03/05/2013;55.488,08;95,95;0,30%;-3,19%
06/05/2013;55.429,88;95,85;-0,10%;-1,33%
07/05/2013;56.274,66;97,31;1,52%;0,21%
08/05/2013;55.804,80;96,50;-0,83%;-1,57%
09/05/2013;55.447,56;95,88;-0,64%;-2,07%
10/05/2013;55.107,80;95,29;-0,61%;-3,23%
13/05/2013;54.447,77;94,15;-1,20%;-4,93%
14/05/2013;54.666,82;94,53;0,40%;-4,80%
15/05/2013;54.936,41;95,00;0,49%;-3,42%
16/05/2013;54.772,62;94,71;-0,30%;-3,06%
17/05/2013;55.164,27;95,39;0,72%;-1,41%
20/05/2013;55.700,77;96,32;0,97%;-3,86%
21/05/2013;56.265,32;97,30;1,01%;-4,39%
22/05/2013;56.429,27;97,58;0,29%;-3,43%
23/05/2013;56.349,91;97,44;-0,14%;-3,75%
24/05/2013;56.406,21;97,54;0,10%;-3,10%
27/05/2013;56.395,94;97,52;-0,02%;-1,73%
28/05/2013;56.036,26;96,90;-0,64%;-2,17%
29/05/2013;54.634,69;94,48;-2,50%;-3,93%
31/05/2013;53.506,08;92,52;-2,07%;-6,09%
03/06/2013;53.944,36;93,28;0,82%;-4,29%
04/06/2013;54.017,90;93,41;0,14%;-3,59%
05/06/2013;52.798,63;91,30;-2,26%;-5,00%
06/06/2013;52.884,83;91,45;0,16%;-4,27%
07/06/2013;51.618,63;89,26;-2,39%;-5,93%
10/06/2013;51.316,65;88,74;-0,59%;-7,82%
11/06/2013;49.769,93;86,06;-3,01%;-11,18%
12/06/2013;49.180,58;85,04;-1,18%;-12,73%
13/06/2013;50.414,89;87,18;2,51%;-9,82%
14/06/2013;49.332,34;85,31;-2,15%;-10,12%
17/06/2013;49.088,65;84,89;-0,49%;-11,65%
18/06/2013;49.464,94;85,54;0,77%;-9,48%
19/06/2013;47.893,06;82,82;-3,18%;-13,00%
20/06/2013;48.214,43;83,37;0,67%;-12,48%
21/06/2013;47.056,04;81,37;-2,40%;-15,84%
24/06/2013;45.965,05;79,48;-2,32%;-18,19%
25/06/2013;46.893,04;81,09;2,02%;-15,36%
26/06/2013;47.171,98;81,57;0,59%;-14,17%
27/06/2013;47.609,46;82,33;0,93%;-10,09%
28/06/2013;47.457,13;82,06;-0,32%;-12,10%
01/07/2013;47.229,59;81,67;-0,48%;-10,69%
02/07/2013;45.228,95;78,21;-4,24%;-14,93%
03/07/2013;45.044,03;77,89;-0,41%;-16,48%
04/07/2013;45.763,16;79,13;1,60%;-15,72%
05/07/2013;45.210,49;78,18;-1,21%;-17,63%
08/07/2013;45.075,50;77,95;-0,30%;-18,02%
10/07/2013;45.483,43;78,65;0,90%;-17,25%
11/07/2013;46.626,26;80,63;2,51%;-14,06%
12/07/2013;45.533,24;78,74;-2,34%;-17,04%
15/07/2013;46.738,90;80,82;2,65%;-16,40%
16/07/2013;46.869,29;81,05;0,28%;-15,28%
17/07/2013;47.407,31;81,98;1,15%;-14,56%
18/07/2013;47.656,92;82,41;0,53%;-14,02%
19/07/2013;47.400,23;81,97;-0,54%;-15,77%
22/07/2013;48.574,09;84,00;2,48%;-12,96%
23/07/2013;48.819,52;84,42;0,51%;-11,95%
24/07/2013;48.374,23;83,65;-0,91%;-12,22%
25/07/2013;49.066,75;84,85;1,43%;-9,88%
26/07/2013;49.422,05;85,46;0,72%;-9,59%
29/07/2013;49.212,33;85,10;-0,42%;-10,42%
30/07/2013;48.561,78;83,97;-1,32%;-11,34%
31/07/2013;48.234,49;83,41;-0,67%;-12,56%
01/08/2013;49.140,78;84,98;1,88%;-11,78%
02/08/2013;48.474,04;83,82;-1,36%;-13,85%
05/08/2013;48.436,44;83,76;-0,08%;-14,16%
06/08/2013;47.421,85;82,00;-2,09%;-15,84%
07/08/2013;47.446,71;82,05;0,05%;-15,88%
08/08/2013;48.928,82;84,61;3,12%;-13,24%
09/08/2013;49.874,90;86,25;1,93%;-11,00%
12/08/2013;50.299,49;86,98;0,85%;-7,93%
13/08/2013;50.600,55;87,50;0,60%;-5,43%
14/08/2013;50.895,92;88,01;0,58%;-5,65%
15/08/2013;50.908,34;88,03;0,02%;-5,76%
16/08/2013;51.538,78;89,12;1,24%;-2,39%
19/08/2013;51.574,09;89,18;0,07%;-2,48%
20/08/2013;50.507,02;87,34;-2,07%;-2,15%
21/08/2013;50.405,20;87,16;-0,20%;-1,78%
22/08/2013;51.397,66;88,88;1,97%;3,27%
23/08/2013;52.197,06;90,26;1,56%;6,13%
26/08/2013;51.429,48;88,93;-1,47%;2,01%
27/08/2013;50.091,55;86,62;-2,60%;1,54%
28/08/2013;49.866,92;86,23;-0,45%;1,59%
29/08/2013;49.921,88;86,33;0,11%;0,92%
30/08/2013;50.011,75;86,48;0,18%;4,42%
02/09/2013;51.835,15;89,63;3,65%;7,51%
03/09/2013;51.625,50;89,27;-0,40%;9,71%
04/09/2013;51.716,16;89,43;0,18%;12,51%
05/09/2013;52.351,86;90,53;1,23%;11,64%
06/09/2013;53.749,42;92,95;2,67%;13,94%
09/09/2013;54.251,85;93,81;0,93%;13,95%
10/09/2013;53.979,03;93,34;-0,50%;13,74%
11/09/2013;53.570,46;92,64;-0,76%;13,43%
12/09/2013;53.307,09;92,18;-0,49%;17,86%
13/09/2013;53.797,51;93,03;0,92%;19,43%
16/09/2013;53.821,63;93,07;0,04%;17,61%
17/09/2013;54.271,25;93,85;0,84%;20,04%
18/09/2013;55.702,90;96,32;2,64%;23,58%
19/09/2013;55.095,69;95,27;-1,09%;21,13%
20/09/2013;54.110,03;93,57;-1,79%;16,05%
23/09/2013;54.602,38;94,42;0,91%;19,92%
24/09/2013;54.431,05;94,12;-0,31%;16,46%
25/09/2013;54.261,11;93,83;-0,31%;15,77%
26/09/2013;53.782,97;93,00;-0,88%;13,45%
27/09/2013;53.738,92;92,93;-0,08%;12,76%
30/09/2013;52.338,19;90,50;-2,61%;10,42%
01/10/2013;53.179,46;91,96;1,61%;9,48%
02/10/2013;53.100,18;91,82;-0,15%;8,77%
03/10/2013;52.489,86;90,77;-1,15%;8,51%
04/10/2013;52.848,97;91,39;0,68%;7,71%
07/10/2013;52.417,10;90,64;-0,82%;6,06%
08/10/2013;52.312,44;90,46;-0,20%;6,30%
09/10/2013;52.547,71;90,87;0,45%;8,21%
10/10/2013;52.996,64;91,64;0,85%;9,87%
11/10/2013;53.149,62;91,91;0,29%;8,16%
14/10/2013;54.170,60;93,67;1,92%;11,75%
15/10/2013;54.980,64;95,07;1,50%;13,51%
16/10/2013;55.973,03;96,79;1,80%;18,03%
17/10/2013;55.358,13;95,73;-1,10%;16,67%
18/10/2013;55.378,46;95,76;0,04%;13,18%
21/10/2013;56.077,43;96,97;1,26%;12,44%
22/10/2013;56.460,38;97,63;0,68%;12,25%
23/10/2013;55.440,03;95,87;-1,81%;9,56%
24/10/2013;54.877,15;94,90;-1,02%;7,82%
25/10/2013;54.154,15;93,64;-1,32%;6,38%
28/10/2013;55.073,37;95,23;1,70%;6,86%
29/10/2013;54.538,80;94,31;-0,97%;5,75%
30/10/2013;54.172,82;93,68;-0,67%;7,26%
31/10/2013;54.256,20;93,82;0,15%;7,64%
01/11/2013;54.013,24;93,40;-0,45%;5,09%
04/11/2013;54.436,92;94,13;0,78%;4,29%
05/11/2013;53.831,85;93,09;-1,11%;4,67%
06/11/2013;53.384,60;92,31;-0,83%;6,57%
07/11/2013;52.740,79;91,20;-1,21%;5,76%
08/11/2013;52.248,86;90,35;-0,93%;4,66%
11/11/2013;52.623,87;91,00;0,72%;5,22%
12/11/2013;51.804,33;89,58;-1,56%;-0,06%
13/11/2013;52.230,29;90,32;0,82%;1,17%
14/11/2013;53.451,60;92,43;2,34%;3,36%
18/11/2013;54.307,04;93,91;1,60%;3,73%
19/11/2013;53.032,91;91,71;-2,35%;-1,33%
21/11/2013;52.688,02;91,11;-0,65%;-2,88%
22/11/2013;52.800,74;91,30;0,21%;-2,18%
25/11/2013;52.263,51;90,38;-1,02%;-2,44%
26/11/2013;51.446,91;88,96;-1,56%;-3,49%
27/11/2013;51.861,21;89,68;0,81%;-3,60%
28/11/2013;51.846,83;89,65;-0,03%;-3,67%
29/11/2013;52.482,49;90,75;1,23%;-3,30%
02/12/2013;51.244,87;88,61;-2,36%;-8,00%
03/12/2013;50.348,89;87,06;-1,75%;-8,62%
04/12/2013;50.215,79;86,83;-0,26%;-7,20%
05/12/2013;50.787,63;87,82;1,14%;-6,99%
06/12/2013;50.944,27;88,09;0,31%;-6,41%
09/12/2013;51.165,38;88,48;0,43%;-5,71%
10/12/2013;50.993,02;88,18;-0,34%;-5,19%
11/12/2013;50.067,99;86,58;-1,81%;-6,83%
12/12/2013;50.121,61;86,67;0,11%;-4,24%
13/12/2013;50.051,18;86,55;-0,14%;-5,88%
16/12/2013;50.279,61;86,94;0,46%;-5,31%
17/12/2013;50.090,35;86,62;-0,38%;-4,57%
18/12/2013;50.563,43;87,44;0,94%;-4,32%
19/12/2013;51.633,43;89,29;2,12%;-1,50%
20/12/2013;51.185,74;88,51;-0,87%;-2,15%
23/12/2013;51.356,10;88,81;0,33%;-2,27%
26/12/2013;51.221,01;88,57;-0,26%;-3,35%
27/12/2013;51.266,56;88,65;0,09%;-3,54%
30/12/2013;51.507,16;89,07;0,47%;-4,92%
02/01/2014;50.341,25;87,05;-2,26%;-8,44%
03/01/2014;50.981,09;88,16;1,27%;-8,92%
06/01/2014;50.973,62;88,15;-0,01%;-7,92%
07/01/2014;50.430,02;87,21;-1,07%;-8,94%
08/01/2014;50.576,64;87,46;0,29%;-9,81%
09/01/2014;49.321,68;85,29;-2,48%;-12,64%
10/01/2014;49.696,45;85,94;0,76%;-10,36%
13/01/2014;49.426,90;85,47;-0,54%;-9,93%
14/01/2014;49.703,10;85,95;0,56%;-8,22%
15/01/2014;50.105,37;86,64;0,81%;-9,02%
16/01/2014;49.696,28;85,94;-0,82%;-8,88%
17/01/2014;49.181,86;85,05;-1,04%;-9,21%
20/01/2014;48.708,41;84,23;-0,96%;-10,23%
21/01/2014;48.542,07;83,94;-0,34%;-10,13%
22/01/2014;49.299,66;85,25;1,56%;-9,44%
23/01/2014;48.320,64;83,56;-1,99%;-10,24%
24/01/2014;47.787,38;82,64;-1,10%;-10,48%
27/01/2014;47.701,05;82,49;-0,18%;-9,56%
28/01/2014;47.840,93;82,73;0,29%;-8,44%
29/01/2014;47.556,78;82,24;-0,59%;-9,63%
30/01/2014;47.244,26;81,70;-0,66%;-8,80%
31/01/2014;47.638,99;82,38;0,84%;-8,79%
03/02/2014;46.147,52;79,80;-3,13%;-13,66%
04/02/2014;46.964,22;81,21;1,77%;-13,52%
05/02/2014;46.624,39;80,62;-0,72%;-12,08%
06/02/2014;47.738,09;82,55;2,39%;-9,39%
07/02/2014;48.073,60;83,13;0,70%;-8,95%
10/02/2014;47.710,82;82,50;-0,75%;-8,71%
11/02/2014;48.462,79;83,80;1,58%;-5,80%
12/02/2014;48.216,89;83,38;-0,51%;-7,03%
13/02/2014;47.812,83;82,68;-0,84%;-7,78%
14/02/2014;48.201,11;83,35;0,81%;-8,16%
17/02/2014;47.576,33;82,27;-1,30%;-7,16%
18/02/2014;46.599,76;80,58;-2,05%;-7,45%
19/02/2014;47.150,83;81,53;1,18%;-6,10%
20/02/2014;47.288,61;81,77;0,29%;-6,89%
21/02/2014;47.380,24;81,93;0,19%;-7,00%
24/02/2014;47.393,50;81,95;0,03%;-7,37%
25/02/2014;46.715,91;80,78;-1,43%;-8,39%
26/02/2014;46.599,21;80,58;-0,25%;-6,93%
27/02/2014;47.606,75;82,32;2,16%;-5,02%
28/02/2014;47.094,40;81,44;-1,08%;-5,91%
05/03/2014;46.589,00;80,56;-1,07%;-7,34%
06/03/2014;47.093,13;81,43;1,08%;-5,98%
07/03/2014;46.244,07;79,97;-1,80%;-8,54%
10/03/2014;45.533,20;78,74;-1,54%;-11,81%
11/03/2014;45.697,62;79,02;0,36%;-10,72%
12/03/2014;45.861,81;79,31;0,36%;-10,70%
13/03/2014;45.443,83;78,58;-0,91%;-11,28%
14/03/2014;44.965,66;77,76;-1,05%;-12,29%
17/03/2014;45.117,80;78,02;0,34%;-12,40%
18/03/2014;46.150,96;79,81;2,29%;-8,32%
19/03/2014;46.567,23;80,53;0,90%;-8,66%
20/03/2014;47.278,48;81,76;1,53%;-7,25%
21/03/2014;47.380,94;81,93;0,22%;-6,05%
24/03/2014;47.993,42;82,99;1,29%;-5,11%
25/03/2014;48.180,14;83,31;0,39%;-2,31%
26/03/2014;47.965,61;82,94;-0,45%;-3,48%
27/03/2014;49.646,79;85,85;3,50%;0,44%
28/03/2014;49.768,06;86,06;0,24%;0,13%
31/03/2014;50.414,92;87,18;1,30%;0,62%
01/04/2014;50.270,37;86,93;-0,29%;1,16%
02/04/2014;51.701,05;89,40;2,85%;5,12%
03/04/2014;51.408,21;88,90;-0,57%;5,54%
04/04/2014;51.081,78;88,33;-0,63%;5,23%
07/04/2014;52.155,28;90,19;2,10%;5,79%
08/04/2014;51.629,07;89,28;-1,01%;6,85%
09/04/2014;51.185,40;88,51;-0,86%;7,11%
10/04/2014;51.127,48;88,41;-0,11%;7,18%
11/04/2014;51.867,29;89,69;1,45%;8,42%
14/04/2014;51.596,55;89,22;-0,52%;8,49%
15/04/2014;50.454,35;87,25;-2,21%;6,79%
16/04/2014;51.200,56;88,54;1,48%;7,48%
17/04/2014;52.111,85;90,11;1,78%;12,92%
22/04/2014;51.976,86;89,88;-0,26%;10,67%
23/04/2014;51.569,69;89,18;-0,78%;10,61%
24/04/2014;51.817,45;89,60;0,48%;8,55%
25/04/2014;51.399,35;88,88;-0,81%;6,92%
28/04/2014;51.383,68;88,85;-0,03%;7,70%
29/04/2014;51.838,61;89,64;0,89%;6,97%
30/04/2014;51.626,69;89,27;-0,41%;7,07%
02/05/2014;52.980,31;91,62;2,62%;10,81%
05/05/2014;53.446,17;92,42;0,88%;10,88%
06/05/2014;53.779,74;93,00;0,62%;13,04%
07/05/2014;54.052,74;93,47;0,51%;15,99%
08/05/2014;53.422,37;92,38;-1,17%;13,30%
09/05/2014;53.100,34;91,82;-0,60%;12,29%
12/05/2014;54.052,90;93,47;1,79%;14,08%
13/05/2014;53.907,46;93,22;-0,27%;13,74%
14/05/2014;54.412,54;94,09;0,94%;16,48%
15/05/2014;53.855,54;93,13;-1,02%;15,57%
16/05/2014;53.975,76;93,34;0,22%;13,38%
19/05/2014;53.353,10;92,26;-1,15%;13,29%
20/05/2014;52.366,19;90,55;-1,85%;12,40%
21/05/2014;52.203,37;90,27;-0,31%;10,85%
22/05/2014;52.806,22;91,31;1,15%;14,19%
23/05/2014;52.626,41;91,00;-0,34%;15,58%
26/05/2014;52.932,91;91,53;0,58%;15,83%
27/05/2014;52.173,98;90,22;-1,43%;13,76%
28/05/2014;52.639,75;91,03;0,89%;15,83%
29/05/2014;52.239,34;90,33;-0,76%;16,18%
30/05/2014;51.239,34;88,60;-1,91%;13,57%
02/06/2014;51.605,83;89,24;0,72%;11,82%
03/06/2014;52.032,38;89,98;0,83%;11,74%
04/06/2014;51.832,98;89,63;-0,38%;9,63%
05/06/2014;51.558,79;89,16;-0,53%;8,82%
06/06/2014;53.128,66;91,87;3,04%;10,70%
09/06/2014;54.273,16;93,85;2,15%;12,65%
10/06/2014;54.604,34;94,42;0,61%;13,84%
11/06/2014;55.102,44;95,28;0,91%;10,99%
13/06/2014;54.806,64;94,77;-0,54%;10,12%
16/06/2014;54.629,55;94,47;-0,32%;8,36%
17/06/2014;54.299,95;93,90;-0,60%;8,02%
18/06/2014;55.202,54;95,46;1,66%;6,77%
20/06/2014;54.638,19;94,48;-1,02%;6,28%
23/06/2014;54.210,05;93,74;-0,78%;6,12%
24/06/2014;54.280,78;93,86;0,13%;4,08%
25/06/2014;53.425,74;92,39;-1,58%;3,48%
26/06/2014;53.506,75;92,53;0,15%;4,54%
27/06/2014;53.157,30;91,92;-0,65%;3,97%
30/06/2014;53.168,22;91,94;0,02%;2,51%
01/07/2014;53.171,49;91,95;0,01%;3,05%
02/07/2014;53.028,78;91,70;-0,27%;5,10%
03/07/2014;53.874,58;93,16;1,59%;5,22%
04/07/2014;54.055,90;93,47;0,34%;3,73%
07/07/2014;53.801,83;93,04;-0,47%;3,51%
08/07/2014;53.634,69;92,75;-0,31%;4,00%
10/07/2014;54.592,75;94,40;1,79%;5,36%
11/07/2014;54.785,93;94,74;0,35%;6,59%
14/07/2014;55.743,98;96,39;1,75%;8,49%
15/07/2014;55.973,61;96,79;0,41%;7,98%
16/07/2014;55.717,36;96,35;-0,46%;7,92%
17/07/2014;55.637,51;96,21;-0,14%;5,02%
18/07/2014;57.012,90;98,59;2,47%;6,67%
21/07/2014;57.633,92;99,66;1,09%;7,17%
22/07/2014;57.983,32;100,27;0,61%;7,27%
23/07/2014;57.419,96;99,29;-0,97%;7,48%
24/07/2014;57.977,56;100,26;0,97%;9,18%
25/07/2014;57.821,08;99,99;-0,27%;6,97%
28/07/2014;57.695,72;99,77;-0,22%;7,03%
29/07/2014;57.118,81;98,77;-1,00%;4,97%
30/07/2014;56.877,97;98,35;-0,42%;5,61%
31/07/2014;55.829,41;96,54;-1,84%;3,43%
01/08/2014;55.902,87;96,67;0,13%;4,78%
04/08/2014;56.616,33;97,90;1,28%;8,12%
05/08/2014;56.202,10;97,19;-0,73%;7,66%
06/08/2014;56.487,18;97,68;0,51%;6,97%
07/08/2014;56.188,05;97,16;-0,53%;6,77%
08/08/2014;55.572,93;96,10;-1,09%;4,99%
11/08/2014;56.613,32;97,90;1,87%;8,51%
12/08/2014;56.442,34;97,60;-0,30%;7,22%
13/08/2014;55.581,19;96,11;-1,53%;6,40%
14/08/2014;55.780,41;96,46;0,36%;8,86%
15/08/2014;56.963,65;98,50;2,12%;10,38%
18/08/2014;57.560,72;99,54;1,05%;10,62%
19/08/2014;58.449,29;101,07;1,54%;12,76%
20/08/2014;58.878,24;101,81;0,73%;14,20%
21/08/2014;58.992,11;102,01;0,19%;11,04%
22/08/2014;58.407,32;101,00;-0,99%;7,62%
25/08/2014;59.735,17;103,30;2,27%;9,40%
26/08/2014;59.821,45;103,44;0,14%;8,56%
27/08/2014;60.950,57;105,40;1,89%;11,21%
28/08/2014;60.290,87;104,26;-1,08%;10,36%
29/08/2014;61.288,15;105,98;1,65%;12,87%
01/09/2014;61.141,27;105,73;-0,24%;10,76%
02/09/2014;61.895,98;107,03;1,23%;13,28%
03/09/2014;61.837,04;106,93;-0,10%;14,07%
04/09/2014;60.800,02;105,14;-1,68%;12,01%
05/09/2014;60.681,98;104,93;-0,19%;13,58%
08/09/2014;59.192,75;102,36;-2,45%;10,63%
09/09/2014;58.676,34;101,46;-0,87%;10,38%
10/09/2014;58.198,66;100,64;-0,81%;9,46%
11/09/2014;58.337,29;100,88;0,24%;9,72%
12/09/2014;56.927,81;98,44;-2,42%;7,35%
15/09/2014;57.948,76;100,21;1,79%;7,56%
16/09/2014;59.114,66;102,22;2,01%;9,36%
17/09/2014;59.108,19;102,21;-0,01%;9,86%
18/09/2014;58.374,48;100,94;-1,24%;8,84%
19/09/2014;57.788,70;99,93;-1,00%;5,85%
22/09/2014;56.818,11;98,25;-1,68%;3,71%
23/09/2014;56.540,50;97,77;-0,49%;1,43%
24/09/2014;56.824,42;98,26;0,50%;1,52%
25/09/2014;55.962,08;96,77;-1,52%;0,44%
26/09/2014;57.212,38;98,93;2,23%;2,83%
29/09/2014;54.625,35;94,46;-4,52%;-4,19%
30/09/2014;54.115,98;93,58;-0,93%;-6,10%
01/10/2014;52.858,43;91,40;-2,32%;-8,84%
02/10/2014;53.518,57;92,55;1,25%;-6,79%
03/10/2014;54.539,55;94,31;1,91%;-5,93%
06/10/2014;57.115,90;98,77;4,72%;-1,22%
07/10/2014;57.436,33;99,32;0,56%;-0,45%
08/10/2014;57.058,48;98,67;-0,66%;-0,11%
09/10/2014;57.267,53;99,03;0,37%;0,68%
10/10/2014;55.311,59;95,65;-3,42%;-0,93%
13/10/2014;57.956,53;100,22;4,78%;3,67%
14/10/2014;58.015,46;100,32;0,10%;2,47%
15/10/2014;56.135,27;97,07;-3,24%;-0,12%
16/10/2014;54.298,33;93,89;-3,27%;-3,87%
17/10/2014;55.723,79;96,36;2,63%;-0,83%
20/10/2014;54.302,57;93,90;-2,55%;-2,29%
21/10/2014;52.432,43;90,67;-3,44%;-7,38%
22/10/2014;52.411,03;90,63;-0,04%;-7,14%
23/10/2014;50.713,26;87,69;-3,24%;-8,76%
24/10/2014;51.940,73;89,82;2,42%;-6,88%
27/10/2014;50.503,66;87,33;-2,77%;-11,34%
28/10/2014;52.330,03;90,49;3,62%;-9,09%
29/10/2014;51.049,32;88,28;-2,45%;-12,66%
30/10/2014;52.336,83;90,50;2,52%;-11,11%
31/10/2014;54.628,60;94,47;4,38%;-7,40%
03/11/2014;53.947,21;93,29;-1,25%;-7,64%
04/11/2014;54.383,59;94,04;0,81%;-8,96%
05/11/2014;53.698,42;92,86;-1,26%;-10,24%
06/11/2014;52.637,06;91,02;-1,98%;-13,64%
07/11/2014;53.222,85;92,03;1,11%;-11,72%
10/11/2014;52.725,38;91,17;-0,93%;-13,97%
11/11/2014;52.474,27;90,74;-0,48%;-14,18%
12/11/2014;52.978,89;91,61;0,96%;-14,41%
13/11/2014;51.846,03;89,65;-2,14%;-16,16%
14/11/2014;51.772,40;89,53;-0,14%;-14,85%
17/11/2014;51.256,99;88,64;-1,00%;-15,53%
18/11/2014;52.061,86;90,03;1,57%;-12,05%
19/11/2014;53.402,81;92,35;2,58%;-8,99%
21/11/2014;56.084,04;96,98;5,02%;-3,63%
24/11/2014;55.406,91;95,81;-1,21%;-5,02%
25/11/2014;55.560,81;96,08;0,28%;-2,40%
26/11/2014;55.098,47;95,28;-0,83%;-4,92%
27/11/2014;54.721,32;94,63;-0,68%;-7,43%
28/11/2014;54.724,00;94,63;0,00%;-7,42%
01/12/2014;52.276,58;90,40;-4,47%;-10,45%
02/12/2014;51.612,47;89,25;-1,27%;-10,69%
03/12/2014;52.320,48;90,47;1,37%;-7,92%
04/12/2014;51.426,87;88,93;-1,71%;-9,04%
05/12/2014;51.992,89;89,91;1,10%;-8,50%
08/12/2014;50.274,07;86,94;-3,31%;-10,16%
09/12/2014;50.193,47;86,80;-0,16%;-12,27%
10/12/2014;49.548,08;85,68;-1,29%;-9,29%
11/12/2014;49.861,81;86,22;0,63%;-7,86%
12/12/2014;48.001,98;83,01;-3,73%;-9,19%
15/12/2014;47.018,68;81,31;-2,05%;-12,15%
16/12/2014;47.007,51;81,29;-0,02%;-13,81%
17/12/2014;48.713,64;84,24;3,63%;-14,71%
18/12/2014;48.495,70;83,86;-0,45%;-15,57%
19/12/2014;49.650,98;85,86;2,38%;-12,98%
22/12/2014;50.120,86;86,67;0,95%;-12,48%
23/12/2014;50.889,81;88,00;1,53%;-7,99%
26/12/2014;50.144,63;86,71;-1,46%;-13,48%
29/12/2014;50.593,82;87,49;0,90%;-12,79%
30/12/2014;50.007,41;86,47;-1,16%;-10,92%
02/01/2015;48.512,22;83,89;-2,99%;-10,66%
05/01/2015;47.516,82;82,17;-2,05%;-14,73%
06/01/2015;48.000,92;83,00;1,02%;-11,60%
07/01/2015;49.462,91;85,53;3,05%;-5,66%
08/01/2015;49.943,30;86,36;0,97%;-4,71%
09/01/2015;48.840,25;84,46;-2,21%;-3,69%
12/01/2015;48.139,74;83,24;-1,43%;-7,32%
13/01/2015;48.041,67;83,08;-0,20%;-4,87%
14/01/2015;47.645,87;82,39;-0,82%;-8,95%
15/01/2015;48.026,31;83,05;0,80%;-5,92%
16/01/2015;49.016,52;84,76;2,06%;-6,34%
19/01/2015;47.758,01;82,58;-2,57%;-12,58%
20/01/2015;47.876,66;82,79;0,25%;-11,25%
21/01/2015;49.224,08;85,12;2,81%;-9,49%
22/01/2015;49.442,62;85,50;0,44%;-7,93%
23/01/2015;48.775,30;84,34;-1,35%;-7,34%
26/01/2015;48.576,55;84,00;-0,41%;-8,73%
27/01/2015;48.591,23;84,03;0,03%;-7,84%
28/01/2015;47.694,54;82,47;-1,85%;-9,11%
29/01/2015;47.762,24;82,59;0,14%;-9,85%
30/01/2015;46.907,68;81,11;-1,79%;-9,53%
02/02/2015;47.650,73;82,40;1,58%;-7,96%
03/02/2015;48.963,66;84,67;2,76%;-4,47%
04/02/2015;49.301,05;85,25;0,69%;-5,30%
05/02/2015;49.233,85;85,14;-0,14%;-7,81%
06/02/2015;48.792,27;84,37;-0,90%;-13,00%
09/02/2015;49.382,58;85,39;1,21%;-10,87%
10/02/2015;48.510,28;83,89;-1,77%;-12,69%
11/02/2015;48.239,67;83,42;-0,56%;-12,45%
12/02/2015;49.532,72;85,65;2,68%;-9,48%
13/02/2015;50.635,92;87,56;2,23%;-7,47%
18/02/2015;51.280,36;88,68;1,27%;-1,91%
19/02/2015;51.294,03;88,70;0,03%;-0,62%
20/02/2015;51.237,70;88,60;-0,11%;-2,07%
23/02/2015;51.280,64;88,68;0,08%;-0,28%
24/02/2015;51.874,17;89,70;1,16%;-0,23%
25/02/2015;51.811,02;89,59;-0,12%;3,06%
26/02/2015;51.760,54;89,51;-0,10%;3,12%
27/02/2015;51.583,09;89,20;-0,34%;4,11%
02/03/2015;51.020,81;88,23;-1,09%;2,32%
03/03/2015;51.304,10;88,72;0,56%;6,88%
04/03/2015;50.468,05;87,27;-1,63%;7,34%
05/03/2015;50.365,20;87,09;-0,20%;7,14%
06/03/2015;49.981,19;86,43;-0,76%;2,60%
09/03/2015;49.181,01;85,05;-1,60%;1,41%
10/03/2015;48.293,40;83,51;-1,80%;-2,73%
11/03/2015;48.905,58;84,57;1,27%;-2,42%
12/03/2015;48.880,40;84,53;-0,05%;-3,95%
13/03/2015;48.595,81;84,03;-0,58%;-3,09%
16/03/2015;48.848,21;84,47;0,52%;-3,45%
17/03/2015;50.285,12;86,95;2,94%;0,56%
18/03/2015;51.526,19;89,10;2,47%;6,21%
19/03/2015;50.953,53;88,11;-1,11%;7,23%
20/03/2015;51.966,58;89,86;1,99%;8,26%
23/03/2015;51.908,46;89,76;-0,11%;4,94%
24/03/2015;51.506,07;89,07;-0,78%;3,13%
25/03/2015;51.858,30;89,67;0,68%;6,18%
26/03/2015;50.579,85;87,46;-2,47%;5,07%
27/03/2015;50.094,66;86,63;-0,96%;4,27%
30/03/2015;51.243,45;88,61;2,29%;7,55%
31/03/2015;51.150,16;88,45;-0,18%;6,50%
01/04/2015;52.321,76;90,48;2,29%;6,74%
02/04/2015;53.123,02;91,86;1,53%;11,23%
06/04/2015;53.737,26;92,92;1,16%;12,24%
07/04/2015;53.729,16;92,91;-0,02%;9,15%
08/04/2015;53.661,11;92,79;-0,13%;8,53%
09/04/2015;53.802,66;93,04;0,26%;10,31%
10/04/2015;54.214,11;93,75;0,76%;11,61%
13/04/2015;54.239,77;93,79;0,05%;11,62%
14/04/2015;53.981,92;93,35;-0,48%;13,18%
15/04/2015;54.918,74;94,97;1,74%;14,98%
16/04/2015;54.674,21;94,54;-0,45%;16,56%
17/04/2015;53.954,79;93,30;-1,32%;13,23%
20/04/2015;53.761,27;92,97;-0,36%;9,80%
22/04/2015;54.617,36;94,45;1,59%;10,78%
23/04/2015;55.684,85;96,29;1,95%;13,10%
24/04/2015;56.594,22;97,86;1,63%;15,99%
27/04/2015;55.534,50;96,03;-1,87%;12,46%
28/04/2015;55.812,03;96,51;0,50%;15,05%
29/04/2015;55.325,29;95,67;-0,87%;14,69%
30/04/2015;56.229,38;97,23;1,63%;13,52%
04/05/2015;57.353,98;99,18;2,00%;13,27%
05/05/2015;58.051,61;100,38;1,22%;13,20%
06/05/2015;57.103,14;98,74;-1,63%;11,33%
07/05/2015;56.921,39;98,43;-0,32%;11,09%
08/05/2015;57.149,33;98,82;0,40%;11,44%
11/05/2015;57.197,10;98,91;0,08%;10,26%
12/05/2015;56.792,05;98,21;-0,71%;9,61%
13/05/2015;56.372,04;97,48;-0,74%;8,91%
14/05/2015;56.656,57;97,97;0,50%;9,84%
15/05/2015;57.248,63;99,00;1,04%;12,21%
18/05/2015;56.204,23;97,19;-1,82%;9,55%
19/05/2015;55.498,82;95,97;-1,26%;9,97%
20/05/2015;54.901,02;94,94;-1,08%;9,01%
21/05/2015;55.112,05;95,30;0,38%;10,27%
22/05/2015;54.377,29;94,03;-1,33%;10,57%
25/05/2015;54.609,25;94,43;0,43%;13,08%
26/05/2015;53.629,78;92,74;-1,79%;9,66%
27/05/2015;54.236,25;93,79;1,13%;10,96%
28/05/2015;53.976,27;93,34;-0,48%;11,07%
29/05/2015;52.760,47;91,23;-2,25%;8,01%
01/06/2015;53.031,31;91,70;0,51%;5,46%
02/06/2015;54.236,43;93,79;2,27%;5,26%
03/06/2015;53.522,90;92,55;-1,32%;5,04%
05/06/2015;52.973,37;91,60;-1,03%;1,94%
08/06/2015;52.809,63;91,32;-0,31%;1,74%
09/06/2015;52.815,99;91,33;0,01%;2,54%
10/06/2015;53.876,44;93,16;2,01%;3,89%
11/06/2015;53.688,51;92,84;-0,35%;6,15%
12/06/2015;53.347,53;92,25;-0,64%;6,49%
15/06/2015;53.137,53;91,89;-0,39%;3,70%
16/06/2015;53.702,15;92,86;1,06%;4,99%
17/06/2015;53.248,54;92,08;-0,84%;1,77%
18/06/2015;54.238,59;93,79;1,86%;2,10%
19/06/2015;53.749,41;92,94;-0,90%;0,02%
22/06/2015;53.863,67;93,14;0,21%;0,25%
23/06/2015;53.772,43;92,98;-0,17%;0,21%
24/06/2015;53.842,53;93,11;0,13%;0,07%
25/06/2015;53.175,66;91,95;-1,24%;-1,92%
26/06/2015;54.016,97;93,41;1,58%;-0,41%
29/06/2015;53.014,21;91,67;-1,86%;-1,79%
30/06/2015;53.080,88;91,79;0,13%;-3,35%
01/07/2015;52.757,53;91,23;-0,61%;-3,51%
02/07/2015;53.106,18;91,83;0,66%;-1,57%
03/07/2015;52.519,40;90,82;-1,10%;-2,31%
06/07/2015;52.149,37;90,18;-0,70%;-4,52%
07/07/2015;52.343,71;90,51;0,37%;-6,00%
08/07/2015;51.781,74;89,54;-1,07%;-8,50%
10/07/2015;52.590,72;90,94;1,56%;-5,30%
13/07/2015;53.119,47;91,86;1,01%;-4,82%
14/07/2015;53.239,17;92,06;0,23%;-3,77%
15/07/2015;52.902,28;91,48;-0,63%;-5,92%
16/07/2015;53.069,75;91,77;0,32%;-7,47%
17/07/2015;52.341,80;90,51;-1,37%;-9,84%
20/07/2015;51.600,07;89,23;-1,42%;-9,64%
21/07/2015;51.474,28;89,01;-0,24%;-9,57%
22/07/2015;50.915,78;88,04;-1,09%;-10,91%
23/07/2015;49.806,62;86,13;-2,18%;-12,92%
24/07/2015;49.245,84;85,16;-1,13%;-13,29%
27/07/2015;48.735,54;84,27;-1,04%;-13,55%
28/07/2015;49.601,60;85,77;1,78%;-12,45%
29/07/2015;50.245,15;86,89;1,30%;-12,23%
30/07/2015;49.897,40;86,28;-0,69%;-11,22%
31/07/2015;50.864,77;87,96;1,94%;-8,35%
03/08/2015;50.138,05;86,70;-1,43%;-8,68%
04/08/2015;50.058,49;86,56;-0,16%;-9,17%
05/08/2015;50.287,27;86,96;0,46%;-7,52%
06/08/2015;50.011,32;86,48;-0,55%;-8,42%
07/08/2015;48.577,32;84,00;-2,87%;-9,42%
10/08/2015;49.353,00;85,34;1,60%;-9,00%
11/08/2015;49.072,34;84,86;-0,57%;-9,09%
12/08/2015;48.388,05;83,67;-1,39%;-8,29%
13/08/2015;48.009,57;83,02;-0,78%;-9,47%
14/08/2015;47.508,41;82,15;-1,04%;-12,40%
17/08/2015;47.217,43;81,65;-0,61%;-11,78%
18/08/2015;47.450,58;82,05;0,49%;-10,43%
19/08/2015;46.588,39;80,56;-1,82%;-11,78%
20/08/2015;46.649,23;80,67;0,13%;-11,68%
21/08/2015;45.719,64;79,06;-1,99%;-15,14%
24/08/2015;44.336,47;76,67;-3,03%;-17,42%
25/08/2015;44.544,85;77,03;0,47%;-16,50%
26/08/2015;46.038,08;79,61;3,35%;-13,36%
27/08/2015;47.715,27;82,51;3,64%;-11,15%
28/08/2015;47.153,87;81,54;-1,18%;-11,45%
31/08/2015;46.625,52;80,63;-1,12%;-14,04%
01/09/2015;45.477,06;78,64;-2,46%;-15,39%
02/09/2015;46.463,96;80,35;2,17%;-13,74%
03/09/2015;47.365,87;81,91;1,94%;-11,91%
04/09/2015;46.497,72;80,41;-1,83%;-13,64%
08/09/2015;46.762,07;80,86;0,57%;-12,06%
09/09/2015;46.657,10;80,68;-0,22%;-13,63%
10/09/2015;46.503,99;80,42;-0,33%;-12,28%
11/09/2015;46.400,51;80,24;-0,22%;-12,59%
14/09/2015;47.281,52;81,76;1,90%;-10,38%
15/09/2015;47.364,07;81,90;0,17%;-10,81%
16/09/2015;48.553,10;83,96;2,51%;-7,55%
17/09/2015;48.551,08;83,96;0,00%;-6,90%
18/09/2015;47.264,08;81,73;-2,65%;-9,70%
21/09/2015;46.590,20;80,57;-1,43%;-10,03%
22/09/2015;46.264,61;80,00;-0,70%;-12,03%
23/09/2015;45.340,11;78,40;-2,00%;-14,65%
24/09/2015;45.291,97;78,32;-0,11%;-14,93%
25/09/2015;44.831,46;77,52;-1,02%;-15,26%
28/09/2015;43.956,63;76,01;-1,95%;-17,17%
29/09/2015;44.131,82;76,31;0,40%;-15,69%
30/09/2015;45.059,34;77,92;2,10%;-12,68%
01/10/2015;45.313,27;78,36;0,56%;-11,97%
02/10/2015;47.033,46;81,33;3,80%;-7,62%
05/10/2015;47.598,07;82,31;1,20%;-4,43%
06/10/2015;47.735,11;82,54;0,29%;-3,07%
07/10/2015;48.914,32;84,58;2,47%;0,37%
08/10/2015;49.106,56;84,92;0,39%;-1,00%
09/10/2015;49.338,41;85,32;0,47%;-1,80%
13/10/2015;47.362,64;81,90;-4,00%;-5,08%
14/10/2015;46.710,44;80,77;-1,38%;-8,17%
15/10/2015;47.161,15;81,55;0,96%;-5,94%
16/10/2015;47.236,10;81,68;0,16%;-5,64%
19/10/2015;47.447,31;82,05;0,45%;-5,65%
20/10/2015;47.076,55;81,41;-0,78%;-5,87%
21/10/2015;47.025,87;81,32;-0,11%;-3,19%
22/10/2015;47.772,14;82,61;1,59%;-3,20%
23/10/2015;47.596,59;82,31;-0,37%;-3,01%
26/10/2015;47.209,32;81,64;-0,81%;-2,44%
27/10/2015;47.042,95;81,35;-0,35%;-2,01%
28/10/2015;46.740,85;80,83;-0,64%;-1,62%
29/10/2015;45.628,35;78,90;-2,38%;-3,37%
30/10/2015;45.868,82;79,32;0,53%;-3,33%
03/11/2015;48.053,67;83,10;4,76%;3,15%
04/11/2015;47.710,10;82,50;-0,71%;2,27%
05/11/2015;48.046,76;83,08;0,71%;5,09%
06/11/2015;46.918,52;81,13;-2,35%;5,82%
09/11/2015;46.194,92;79,88;-1,54%;3,70%
10/11/2015;46.206,57;79,90;0,03%;0,37%
11/11/2015;47.065,01;81,39;1,86%;-1,36%
12/11/2015;46.883,58;81,07;-0,39%;-0,57%
13/11/2015;46.517,04;80,44;-0,78%;-0,23%
16/11/2015;46.846,87;81,01;0,71%;3,01%
17/11/2015;47.247,80;81,70;0,86%;1,69%
18/11/2015;47.435,58;82,03;0,40%;0,15%
19/11/2015;48.138,89;83,24;1,48%;3,53%
23/11/2015;48.150,27;83,26;0,02%;2,97%
24/11/2015;48.284,19;83,49;0,28%;3,49%
25/11/2015;46.866,63;81,04;-2,94%;0,78%
26/11/2015;47.145,63;81,53;0,60%;1,61%
27/11/2015;45.872,92;79,32;-2,70%;-2,98%
30/11/2015;45.120,36;78,02;-1,64%;-4,74%
01/12/2015;45.046,75;77,90;-0,16%;-7,22%
02/12/2015;44.914,53;77,67;-0,29%;-7,49%
03/12/2015;46.393,26;80,22;3,29%;-1,84%
04/12/2015;45.360,76;78,44;-2,23%;-2,64%
07/12/2015;45.222,70;78,20;-0,30%;-2,25%
08/12/2015;44.443,26;76,85;-1,72%;-1,98%
09/12/2015;46.108,03;79,73;3,75%;1,80%
10/12/2015;45.630,71;78,91;-1,04%;1,78%
11/12/2015;45.262,72;78,27;-0,81%;2,97%
14/12/2015;44.747,31;77,38;-1,14%;1,39%
15/12/2015;44.872,47;77,59;0,28%;-0,41%
16/12/2015;45.015,85;77,84;0,32%;-0,66%
17/12/2015;45.261,48;78,27;0,55%;-3,77%
18/12/2015;43.910,60;75,93;-2,98%;-7,75%
21/12/2015;43.199,95;74,70;-1,62%;-9,50%
22/12/2015;43.469,52;75,17;0,62%;-11,13%
23/12/2015;44.014,93;76,11;1,25%;-10,37%
28/12/2015;43.764,34;75,68;-0,57%;-11,30%
29/12/2015;43.653,97;75,49;-0,25%;-7,83%
30/12/2015;43.349,96;74,96;-0,70%;-7,19%
04/01/2016;42.141,04;72,87;-2,79%;-10,64%
05/01/2016;42.419,32;73,35;0,66%;-10,20%
06/01/2016;41.773,14;72,24;-1,52%;-11,96%
07/01/2016;40.694,72;70,37;-2,58%;-13,56%
08/01/2016;40.612,21;70,23;-0,20%;-13,64%
11/01/2016;39.950,49;69,08;-1,63%;-16,37%
12/01/2016;39.513,83;68,33;-1,09%;-16,98%
13/01/2016;38.944,44;67,34;-1,44%;-17,51%
14/01/2016;39.500,11;68,30;1,43%;-16,03%
15/01/2016;38.569,13;66,69;-2,36%;-17,48%
18/01/2016;37.937,27;65,60;-1,64%;-16,86%
19/01/2016;38.057,01;65,81;0,32%;-17,03%
20/01/2016;37.645,48;65,10;-1,08%;-21,66%
21/01/2016;37.717,11;65,22;0,19%;-20,95%
22/01/2016;38.031,22;65,76;0,83%;-20,85%
26/01/2016;37.497,48;64,84;-1,40%;-20,08%
27/01/2016;38.376,37;66,36;2,34%;-16,93%
28/01/2016;38.630,19;66,80;0,66%;-16,40%
29/01/2016;40.405,99;69,87;4,60%;-14,15%
01/02/2016;40.570,04;70,15;0,41%;-13,47%
02/02/2016;38.596,17;66,74;-4,87%;-17,03%
03/02/2016;39.588,82;68,46;2,57%;-15,49%
04/02/2016;40.821,74;70,59;3,11%;-13,60%
05/02/2016;40.592,09;70,19;-0,56%;-14,43%
10/02/2016;40.376,58;69,82;-0,53%;-16,12%
11/02/2016;39.318,30;67,99;-2,62%;-18,34%
12/02/2016;39.808,05;68,84;1,25%;-17,55%
15/02/2016;40.092,89;69,33;0,72%;-14,45%
16/02/2016;40.947,70;70,81;2,13%;-13,15%
17/02/2016;41.630,82;71,99;1,67%;-9,25%
18/02/2016;41.477,63;71,72;-0,37%;-8,07%
19/02/2016;41.543,40;71,84;0,16%;-7,78%
22/02/2016;43.234,85;74,76;4,07%;-3,74%
23/02/2016;42.520,94;73,53;-1,65%;-8,35%
24/02/2016;42.084,56;72,77;-1,03%;-7,22%
25/02/2016;41.887,90;72,43;-0,47%;-7,37%
26/02/2016;41.593,08;71,92;-0,70%;-6,41%
29/02/2016;42.793,86;74,00;2,89%;-7,19%
01/03/2016;44.121,79;76,30;3,10%;-3,31%
02/03/2016;44.893,48;77,63;1,75%;-0,82%
03/03/2016;47.193,39;81,61;5,12%;5,47%
04/03/2016;49.084,87;84,88;4,01%;9,39%
07/03/2016;49.246,10;85,16;0,33%;9,40%
08/03/2016;49.102,14;84,91;-0,29%;8,49%
09/03/2016;48.665,09;84,15;-0,89%;10,83%
10/03/2016;49.571,11;85,72;1,86%;14,75%
11/03/2016;49.638,68;85,84;0,14%;14,19%
14/03/2016;48.867,33;84,50;-1,55%;11,02%
15/03/2016;47.130,02;81,50;-3,56%;7,69%
16/03/2016;47.763,43;82,59;1,34%;9,41%
17/03/2016;50.913,79;88,04;6,60%;17,45%
18/03/2016;50.814,66;87,87;-0,19%;20,58%
21/03/2016;51.171,55;88,49;0,70%;20,63%
22/03/2016;51.010,19;88,21;-0,32%;22,11%
23/03/2016;49.690,05;85,93;-2,59%;22,10%
24/03/2016;49.657,39;85,87;-0,07%;22,27%
28/03/2016;50.838,23;87,91;2,38%;27,25%
29/03/2016;51.154,99;88,46;0,62%;29,46%
30/03/2016;51.248,92;88,62;0,18%;31,59%
31/03/2016;50.055,27;86,56;-2,33%;26,72%
01/04/2016;50.561,53;87,43;1,01%;31,09%
04/04/2016;48.779,99;84,35;-3,52%;28,58%
05/04/2016;49.053,62;84,82;0,56%;28,90%
06/04/2016;48.096,24;83,17;-1,95%;27,76%
07/04/2016;48.513,10;83,89;0,87%;28,62%
08/04/2016;50.292,93;86,97;3,67%;32,24%
11/04/2016;50.165,47;86,75;-0,25%;33,78%
12/04/2016;52.001,86;89,92;3,66%;35,50%
13/04/2016;53.149,84;91,91;2,21%;37,59%
14/04/2016;52.411,02;90,63;-1,39%;29,71%
15/04/2016;53.227,74;92,04;1,56%;31,20%
18/04/2016;52.894,08;91,47;-0,63%;37,04%
19/04/2016;53.710,05;92,88;1,54%;35,67%
20/04/2016;53.630,93;92,74;-0,15%;31,38%
22/04/2016;52.907,88;91,49;-1,35%;30,34%
25/04/2016;51.861,71;89,68;-1,98%;28,45%
26/04/2016;53.082,50;91,79;2,35%;35,01%
27/04/2016;54.477,78;94,20;2,63%;36,85%
28/04/2016;54.311,97;93,92;-0,30%;35,47%
29/04/2016;53.910,51;93,22;-0,74%;31,66%
02/05/2016;53.561,53;92,62;-0,65%;28,66%
03/05/2016;52.260,19;90,37;-2,43%;26,00%
04/05/2016;52.552,80;90,88;0,56%;26,50%
05/05/2016;51.671,04;89,35;-1,68%;19,51%
06/05/2016;51.717,83;89,43;0,09%;21,63%
09/05/2016;50.990,06;88,17;-1,41%;21,16%
10/05/2016;53.070,91;91,77;4,08%;26,70%
11/05/2016;52.764,46;91,24;-0,58%;26,86%
12/05/2016;53.241,31;92,07;0,90%;24,41%
13/05/2016;51.804,31;89,58;-2,70%;17,41%
16/05/2016;51.802,92;89,58;0,00%;15,39%
17/05/2016;50.839,44;87,91;-1,86%;7,73%
18/05/2016;50.561,70;87,43;-0,55%;3,01%
19/05/2016;50.132,53;86,69;-0,85%;1,80%
20/05/2016;49.722,75;85,98;-0,82%;1,26%
23/05/2016;49.330,42;85,30;-0,79%;1,37%
24/05/2016;49.345,19;85,33;0,03%;-0,46%
25/05/2016;49.482,86;85,57;0,28%;-0,31%
27/05/2016;49.051,49;84,82;-0,87%;0,38%
30/05/2016;48.964,34;84,67;-0,18%;3,89%
31/05/2016;48.471,71;83,82;-1,01%;1,48%
01/06/2016;49.012,65;84,75;1,12%;-3,73%
02/06/2016;49.887,24;86,27;1,78%;-1,83%
03/06/2016;50.619,50;87,53;1,47%;-1,08%
06/06/2016;50.431,80;87,21;-0,37%;-1,13%
07/06/2016;50.487,86;87,31;0,11%;1,61%
08/06/2016;51.629,29;89,28;2,26%;3,97%
09/06/2016;51.118,46;88,40;-0,99%;0,55%
10/06/2016;49.422,16;85,46;-3,32%;-3,39%
13/06/2016;49.660,79;85,87;0,48%;-3,10%
14/06/2016;48.648,29;84,12;-2,04%;-2,81%
15/06/2016;48.914,74;84,58;0,55%;-3,26%
16/06/2016;49.411,62;85,44;1,02%;1,29%
17/06/2016;49.533,84;85,66;0,25%;0,98%
20/06/2016;50.329,36;87,03;1,61%;4,64%
21/06/2016;50.837,80;87,91;1,01%;4,79%
22/06/2016;50.156,30;86,73;-1,34%;-0,27%
23/06/2016;51.559,82;89,16;2,80%;2,78%
24/06/2016;50.105,26;86,64;-2,82%;-3,65%
27/06/2016;49.245,53;85,16;-1,72%;-7,35%
28/06/2016;50.006,56;86,47;1,55%;-4,59%
29/06/2016;51.001,91;88,19;1,99%;-4,18%
30/06/2016;51.526,93;89,10;1,03%;-2,58%
01/07/2016;52.233,04;90,32;1,37%;-2,75%
04/07/2016;52.568,66;90,90;0,64%;-1,98%
05/07/2016;51.842,27;89,65;-1,38%;-2,01%
06/07/2016;51.901,81;89,75;0,11%;0,08%
07/07/2016;52.014,66;89,95;0,22%;-2,01%
08/07/2016;53.140,74;91,89;2,16%;-2,45%
11/07/2016;53.960,11;93,31;1,54%;-0,65%
12/07/2016;54.256,41;93,82;0,55%;0,64%
13/07/2016;54.598,28;94,41;0,63%;1,94%
14/07/2016;55.480,87;95,94;1,62%;6,16%
15/07/2016;55.578,24;96,11;0,18%;5,76%
18/07/2016;56.484,22;97,67;1,63%;9,32%
19/07/2016;56.698,06;98,04;0,38%;9,63%
20/07/2016;56.578,05;97,84;-0,21%;10,96%
21/07/2016;56.641,49;97,95;0,11%;6,73%
22/07/2016;57.002,08;98,57;0,64%;8,03%
25/07/2016;56.872,73;98,35;-0,23%;6,82%
26/07/2016;56.782,75;98,19;-0,16%;9,61%
27/07/2016;56.852,84;98,31;0,12%;9,75%
28/07/2016;56.667,12;97,99;-0,33%;11,46%
29/07/2016;57.308,21;99,10;1,13%;13,34%
01/08/2016;56.755,76;98,14;-0,96%;13,21%
02/08/2016;56.162,38;97,12;-1,05%;12,95%
03/08/2016;57.076,91;98,70;1,63%;15,70%
04/08/2016;57.593,90;99,59;0,91%;16,72%
05/08/2016;57.661,14;99,71;0,12%;16,53%
08/08/2016;57.635,43;99,66;-0,04%;17,50%
09/08/2016;57.689,42;99,76;0,09%;17,82%
10/08/2016;56.919,78;98,43;-1,33%;17,43%
11/08/2016;58.299,57;100,81;2,42%;18,95%
12/08/2016;58.298,41;100,81;0,00%;16,86%
15/08/2016;59.145,98;102,28;1,45%;16,84%
16/08/2016;58.855,43;101,77;-0,49%;16,70%
17/08/2016;59.323,83;102,58;0,80%;17,50%
18/08/2016;59.166,02;102,31;-0,27%;14,60%
19/08/2016;59.098,92;102,20;-0,11%;15,61%
22/08/2016;57.781,24;99,92;-2,23%;16,91%
23/08/2016;58.020,03;100,33;0,41%;16,83%
24/08/2016;57.717,88;99,81;-0,52%;18,64%
25/08/2016;57.722,14;99,81;0,01%;18,01%
26/08/2016;57.716,25;99,80;-0,01%;16,81%
29/08/2016;58.610,39;101,35;1,55%;18,32%
30/08/2016;58.575,42;101,29;-0,06%;16,38%
31/08/2016;57.901,11;100,12;-1,15%;13,89%
01/09/2016;58.236,27;100,70;0,58%;16,11%
02/09/2016;59.616,40;103,09;2,37%;15,63%
05/09/2016;59.566,34;103,00;-0,08%;18,88%
06/09/2016;60.129,44;103,98;0,95%;22,10%
08/09/2016;60.231,65;104,15;0,17%;20,45%
09/09/2016;57.999,73;100,29;-3,71%;13,72%
12/09/2016;58.586,11;101,31;1,01%;13,70%
13/09/2016;56.820,77;98,26;-3,01%;8,78%
14/09/2016;57.059,46;98,67;0,42%;8,54%
15/09/2016;57.909,49;100,14;1,49%;11,70%
16/09/2016;57.079,76;98,70;-1,43%;9,98%
19/09/2016;57.350,38;99,17;0,47%;10,26%
20/09/2016;57.736,46;99,84;0,67%;8,65%
21/09/2016;58.393,92;100,98;1,14%;8,22%
22/09/2016;58.994,17;102,01;1,03%;8,73%
23/09/2016;58.697,00;101,50;-0,50%;7,51%
26/09/2016;58.053,53;100,39;-1,10%;4,64%
27/09/2016;58.382,49;100,96;0,57%;5,05%
28/09/2016;59.355,77;102,64;1,67%;5,08%
29/09/2016;58.350,57;100,90;-1,69%;2,91%
30/09/2016;58.367,05;100,93;0,03%;3,16%
03/10/2016;59.461,23;102,82;1,87%;4,98%
04/10/2016;59.339,23;102,61;-0,21%;4,10%
05/10/2016;60.254,34;104,19;1,54%;5,95%
06/10/2016;60.644,24;104,87;0,65%;6,80%
07/10/2016;61.108,98;105,67;0,77%;7,49%
10/10/2016;61.668,33;106,64;0,92%;8,83%
11/10/2016;61.021,85;105,52;-1,05%;6,48%
13/10/2016;61.118,58;105,69;0,16%;7,69%
14/10/2016;61.767,22;106,81;1,06%;9,98%
17/10/2016;62.696,11;108,42;1,50%;9,84%
18/10/2016;63.782,21;110,29;1,73%;10,74%
19/10/2016;63.505,61;109,82;-0,43%;10,14%
20/10/2016;63.837,85;110,39;0,52%;10,76%
21/10/2016;64.108,08;110,86;0,42%;11,13%
24/10/2016;64.059,89;110,77;-0,08%;12,54%
25/10/2016;63.866,20;110,44;-0,30%;9,55%
26/10/2016;63.825,69;110,37;-0,06%;9,48%
27/10/2016;64.249,50;111,10;0,66%;8,63%
28/10/2016;64.307,63;111,20;0,09%;9,26%
31/10/2016;64.924,52;112,27;0,96%;9,44%
01/11/2016;63.326,42;109,51;-2,46%;7,03%
03/11/2016;61.750,17;106,78;-2,49%;4,49%
04/11/2016;61.598,39;106,52;-0,25%;6,61%
07/11/2016;64.051,65;110,76;3,98%;10,40%
08/11/2016;64.157,68;110,94;0,17%;11,16%
09/11/2016;63.258,27;109,39;-1,40%;9,59%
10/11/2016;61.200,96;105,83;-3,25%;6,04%
11/11/2016;59.183,51;102,34;-3,30%;0,98%
14/11/2016;59.657,46;103,16;0,80%;1,85%
16/11/2016;60.759,32;105,07;1,85%;4,94%
17/11/2016;59.770,47;103,36;-1,63%;2,63%
18/11/2016;59.961,76;103,69;0,32%;0,58%
21/11/2016;61.070,27;105,60;1,85%;2,52%
22/11/2016;61.954,47;107,13;1,45%;3,04%
23/11/2016;61.985,91;107,19;0,05%;2,91%
24/11/2016;61.395,53;106,17;-0,95%;5,85%
25/11/2016;61.559,08;106,45;0,27%;5,07%
28/11/2016;62.855,50;108,69;2,11%;10,62%
29/11/2016;60.986,52;105,46;-2,97%;6,88%
30/11/2016;61.906,36;107,05;1,51%;6,90%
01/12/2016;59.506,54;102,90;-3,88%;4,25%
02/12/2016;60.316,13;104,30;1,36%;5,17%
05/12/2016;59.831,73;103,46;-0,80%;3,63%
06/12/2016;61.088,25;105,64;2,10%;4,61%
07/12/2016;61.414,40;106,20;0,53%;4,10%
08/12/2016;60.676,57;104,92;-1,20%;3,37%
09/12/2016;60.500,62;104,62;-0,29%;4,22%
12/12/2016;59.178,61;102,33;-2,19%;1,36%
13/12/2016;59.280,57;102,51;0,17%;-0,13%
14/12/2016;58.212,12;100,66;-1,80%;-0,24%
15/12/2016;58.396,16;100,98;0,32%;0,05%
16/12/2016;58.389,04;100,97;-0,01%;-1,80%
19/12/2016;57.110,99;98,76;-2,19%;-3,76%
20/12/2016;57.582,89;99,57;0,83%;-4,43%
21/12/2016;57.646,52;99,68;0,11%;-4,94%
22/12/2016;57.255,22;99,01;-0,68%;-6,31%
23/12/2016;57.937,11;100,19;1,19%;-6,05%
26/12/2016;58.620,26;101,37;1,18%;-3,94%
27/12/2016;58.696,69;101,50;0,13%;-3,96%
28/12/2016;59.781,63;103,38;1,85%;-3,21%
29/12/2016;60.227,29;104,15;0,75%;-3,94%
02/01/2017;59.588,70;103,04;-1,06%;-6,57%
03/01/2017;61.813,83;106,89;3,73%;-2,66%
04/01/2017;61.589,06;106,50;-0,36%;-3,52%
05/01/2017;62.070,98;107,33;0,78%;-3,18%
06/01/2017;61.665,37;106,63;-0,65%;-3,74%
09/01/2017;61.700,29;106,69;0,06%;-3,39%
10/01/2017;62.131,80;107,44;0,70%;-2,65%
11/01/2017;62.446,26;107,98;0,51%;-2,81%
12/01/2017;63.953,93;110,59;2,41%;-0,55%
13/01/2017;63.651,52;110,07;-0,47%;-1,96%
16/01/2017;63.831,28;110,38;0,28%;0,80%
17/01/2017;64.354,34;111,28;0,82%;4,22%
18/01/2017;64.149,58;110,93;-0,32%;4,14%
19/01/2017;63.950,86;110,59;-0,31%;-0,16%
20/01/2017;64.521,18;111,57;0,89%;0,57%
23/01/2017;65.748,63;113,69;1,90%;3,94%
24/01/2017;65.840,09;113,85;0,14%;7,58%
26/01/2017;66.190,62;114,46;0,53%;11,84%
27/01/2017;66.033,99;114,19;-0,24%;10,69%
30/01/2017;64.301,73;111,19;-2,62%;5,83%
31/01/2017;64.670,78;111,83;0,57%;8,20%
01/02/2017;64.836,13;112,12;0,26%;8,13%
02/02/2017;64.578,22;111,67;-0,40%;5,74%
03/02/2017;64.953,93;112,32;0,58%;4,84%
06/02/2017;63.992,93;110,66;-1,48%;3,24%
07/02/2017;64.198,90;111,01;0,32%;4,57%
08/02/2017;64.835,40;112,12;0,99%;5,32%
09/02/2017;64.964,89;112,34;0,20%;3,36%
10/02/2017;66.124,53;114,34;1,79%;8,42%
13/02/2017;66.967,64;115,80;1,28%;8,18%
14/02/2017;66.712,88;115,36;-0,38%;12,11%
15/02/2017;67.975,58;117,55;1,89%;12,70%
16/02/2017;67.814,24;117,27;-0,24%;13,34%
17/02/2017;67.748,42;117,15;-0,10%;10,90%
20/02/2017;68.532,86;118,51;1,16%;11,59%
21/02/2017;69.052,03;119,41;0,76%;13,80%
22/02/2017;68.589,54;118,61;-0,67%;13,37%
23/02/2017;67.461,39;116,66;-1,64%;14,00%
24/02/2017;66.662,10;115,27;-1,18%;12,45%
01/03/2017;66.988,88;115,84;0,49%;15,08%
02/03/2017;65.854,93;113,88;-1,69%;12,77%
03/03/2017;66.785,53;115,49;1,41%;14,38%
06/03/2017;66.341,37;114,72;-0,67%;16,16%
07/03/2017;65.742,32;113,68;-0,90%;14,17%
08/03/2017;64.718,02;111,91;-1,56%;12,27%
09/03/2017;64.585,24;111,68;-0,21%;12,80%
10/03/2017;64.675,46;111,84;0,14%;11,63%
13/03/2017;65.534,30;113,32;1,33%;11,79%
14/03/2017;64.699,46;111,88;-1,27%;10,23%
15/03/2017;66.234,87;114,54;2,37%;10,79%
16/03/2017;65.782,85;113,75;-0,68%;9,22%
17/03/2017;64.209,94;111,03;-2,39%;7,76%
20/03/2017;64.884,27;112,20;1,05%;4,97%
21/03/2017;62.980,37;108,91;-2,93%;2,26%
22/03/2017;63.521,33;109,84;0,86%;2,34%
23/03/2017;63.530,79;109,86;0,01%;3,03%
24/03/2017;63.853,77;110,42;0,51%;3,49%
27/03/2017;64.308,39;111,20;0,71%;3,50%
28/03/2017;64.640,45;111,78;0,52%;3,51%
29/03/2017;65.528,29;113,31;1,37%;2,46%
30/03/2017;65.265,98;112,86;-0,40%;2,54%
31/03/2017;64.984,07;112,37;-0,43%;1,81%
03/04/2017;65.211,48;112,77;0,35%;1,33%
04/04/2017;65.768,91;113,73;0,85%;2,52%
05/04/2017;64.774,76;112,01;-1,51%;1,29%
06/04/2017;64.222,72;111,06;-0,85%;-0,46%
07/04/2017;64.593,10;111,70;0,58%;-1,76%
10/04/2017;64.649,81;111,79;0,09%;-1,81%
11/04/2017;64.359,79;111,29;-0,45%;-2,77%
12/04/2017;63.891,68;110,48;-0,73%;-3,24%
13/04/2017;62.826,28;108,64;-1,67%;-2,29%
17/04/2017;64.334,93;111,25;2,40%;-0,52%
18/04/2017;64.158,84;110,95;-0,27%;-1,04%
19/04/2017;63.406,97;109,65;-1,17%;-1,81%
20/04/2017;63.760,62;110,26;0,56%;-1,84%
24/04/2017;64.389,01;111,34;0,99%;0,62%
25/04/2017;65.148,35;112,66;1,18%;1,48%
26/04/2017;64.861,92;112,16;-0,44%;0,04%
27/04/2017;64.676,55;111,84;-0,29%;-0,44%
28/04/2017;65.403,25;113,10;1,12%;-1,09%
02/05/2017;66.721,75;115,38;2,02%;-0,37%
03/05/2017;66.093,78;114,29;-0,94%;-0,93%
04/05/2017;64.862,61;112,16;-1,86%;-4,58%
05/05/2017;65.709,74;113,63;1,31%;-3,10%
08/05/2017;65.526,04;113,31;-0,28%;-3,28%
09/05/2017;66.277,67;114,61;1,15%;-3,29%
10/05/2017;67.349,73;116,46;1,62%;-2,47%
11/05/2017;67.537,61;116,79;0,28%;-1,53%
12/05/2017;68.221,94;117,97;1,01%;1,13%
15/05/2017;68.474,19;118,41;0,37%;2,72%
16/05/2017;68.684,50;118,77;0,31%;2,53%
17/05/2017;67.540,25;116,79;-1,67%;2,56%
18/05/2017;61.597,06;106,52;-8,80%;-7,77%
19/05/2017;62.639,31;108,32;1,69%;-5,58%
22/05/2017;61.673,49;106,65;-1,54%;-6,19%
23/05/2017;62.662,48;108,36;1,60%;-3,18%
24/05/2017;63.257,36;109,39;0,95%;-2,06%
25/05/2017;63.226,79;109,33;-0,05%;-2,24%
26/05/2017;64.085,41;110,82;1,36%;-2,21%
29/05/2017;63.760,94;110,26;-0,51%;-1,45%
30/05/2017;63.962,26;110,61;0,32%;-3,43%
31/05/2017;62.711,47;108,44;-1,96%;-4,67%
01/06/2017;62.288,52;107,71;-0,67%;-2,99%
02/06/2017;62.510,69;108,10;0,36%;-3,66%
05/06/2017;62.450,45;107,99;-0,10%;-0,84%
06/06/2017;62.954,69;108,86;0,81%;-0,89%
07/06/2017;63.170,73;109,24;0,34%;-0,57%
08/06/2017;62.755,57;108,52;-0,66%;-1,72%
09/06/2017;62.210,56;107,58;-0,87%;-3,26%
12/06/2017;61.700,23;106,69;-0,82%;-4,55%
13/06/2017;61.828,99;106,92;0,21%;-5,65%
14/06/2017;61.922,93;107,08;0,15%;-5,12%
16/06/2017;61.626,41;106,57;-0,48%;-5,17%
19/06/2017;62.014,03;107,24;0,63%;-4,90%
20/06/2017;60.766,16;105,08;-2,01%;-7,61%
21/06/2017;60.761,74;105,07;-0,01%;-6,20%
22/06/2017;61.272,22;105,95;0,84%;-4,59%
23/06/2017;61.087,14;105,63;-0,30%;-5,43%
26/06/2017;62.188,09;107,54;1,80%;-3,81%
27/06/2017;61.675,46;106,65;-0,82%;-4,17%
28/06/2017;62.017,97;107,24;0,56%;-2,93%
29/06/2017;62.238,95;107,63;0,36%;-0,93%
30/06/2017;62.899,97;108,77;1,06%;-2,23%
03/07/2017;63.279,58;109,42;0,60%;-1,37%
04/07/2017;63.231,59;109,34;-0,08%;-0,28%
05/07/2017;63.154,17;109,21;-0,12%;-0,95%
06/07/2017;62.470,33;108,03;-1,08%;-2,98%
07/07/2017;62.322,40;107,77;-0,24%;-4,34%
10/07/2017;63.025,47;108,99;1,13%;-2,83%
11/07/2017;63.832,15;110,38;1,28%;-1,31%
12/07/2017;64.835,55;112,12;1,57%;-0,87%
13/07/2017;65.178,35;112,71;0,53%;-2,31%
14/07/2017;65.436,18;113,15;0,40%;-0,99%
17/07/2017;65.212,31;112,77;-0,34%;0,54%
18/07/2017;65.337,67;112,98;0,19%;-0,57%
19/07/2017;65.179,92;112,71;-0,24%;-0,53%
20/07/2017;64.938,02;112,29;-0,37%;-2,02%
21/07/2017;64.684,18;111,85;-0,39%;-3,96%
24/07/2017;65.099,55;112,57;0,64%;-3,61%
25/07/2017;65.667,62;113,55;0,87%;-3,74%
26/07/2017;65.010,57;112,42;-1,00%;-5,06%
27/07/2017;65.277,38;112,88;0,41%;-4,96%
28/07/2017;65.497,13;113,26;0,34%;-3,03%
31/07/2017;65.920,36;113,99;0,65%;7,02%
01/08/2017;66.516,24;115,02;0,90%;6,19%
02/08/2017;67.135,99;116,09;0,93%;8,86%
03/08/2017;66.777,13;115,47;-0,53%;6,57%
04/08/2017;66.897,99;115,68;0,18%;5,76%
07/08/2017;67.939,66;117,48;1,56%;7,45%
08/08/2017;67.898,94;117,41;-0,06%;5,95%
09/08/2017;67.671,07;117,02;-0,34%;6,13%
10/08/2017;66.992,09;115,84;-1,00%;4,74%
11/08/2017;67.358,59;116,48;0,55%;7,41%
14/08/2017;68.284,66;118,08;1,37%;9,63%
15/08/2017;68.355,12;118,20;0,10%;9,35%
16/08/2017;68.594,29;118,62;0,35%;9,84%
17/08/2017;67.976,80;117,55;-0,90%;7,98%
18/08/2017;68.714,66;118,82;1,09%;8,78%
21/08/2017;68.634,65;118,68;-0,12%;9,37%
22/08/2017;70.011,25;121,07;2,01%;12,54%
23/08/2017;70.477,63;121,87;0,67%;14,23%
24/08/2017;71.132,80;123,00;0,93%;15,05%
25/08/2017;71.073,65;122,90;-0,08%;14,78%
28/08/2017;71.016,59;122,80;-0,08%;15,24%
29/08/2017;71.329,85;123,35;0,44%;15,02%
30/08/2017;70.886,26;122,58;-0,62%;16,65%
31/08/2017;70.835,05;122,49;-0,07%;16,58%
01/09/2017;71.923,11;124,37;1,54%;17,38%
04/09/2017;72.128,83;124,73;0,29%;18,08%
05/09/2017;72.150,88;124,77;0,03%;16,02%
06/09/2017;73.412,41;126,95;1,75%;19,03%
08/09/2017;73.078,85;126,37;-0,45%;17,83%
11/09/2017;74.319,22;128,51;1,70%;19,41%
12/09/2017;74.538,55;128,89;0,30%;18,50%
13/09/2017;74.787,57;129,32;0,33%;18,19%
14/09/2017;74.656,68;129,10;-0,18%;18,07%
15/09/2017;75.756,52;131,00;1,47%;19,95%
18/09/2017;75.990,41;131,40;0,31%;21,64%
19/09/2017;75.974,18;131,38;-0,02%;21,91%
20/09/2017;76.004,15;131,43;0,04%;20,59%
21/09/2017;75.604,34;130,74;-0,53%;18,44%
22/09/2017;75.389,75;130,37;-0,28%;16,28%
25/09/2017;74.443,47;128,73;-1,26%;14,22%
26/09/2017;74.318,72;128,51;-0,17%;13,57%
27/09/2017;73.796,71;127,61;-0,70%;13,16%
28/09/2017;73.567,25;127,21;-0,31%;12,60%
29/09/2017;74.293,51;128,47;0,99%;13,98%
02/10/2017;74.359,83;128,59;0,09%;14,51%
03/10/2017;76.762,91;132,74;3,23%;18,67%
04/10/2017;76.591,44;132,44;-0,22%;17,65%
05/10/2017;76.617,53;132,49;0,03%;16,67%
06/10/2017;76.054,72;131,52;-0,73%;16,99%
09/10/2017;75.726,81;130,95;-0,43%;16,01%
10/10/2017;76.897,21;132,97;1,55%;17,41%
11/10/2017;76.659,80;132,56;-0,31%;16,29%
13/10/2017;76.989,79;133,13;0,43%;15,75%
16/10/2017;76.891,84;132,96;-0,13%;14,53%
17/10/2017;76.201,25;131,77;-0,90%;14,11%
18/10/2017;76.591,09;132,44;0,51%;14,49%
19/10/2017;76.283,16;131,91;-0,40%;12,28%
20/10/2017;76.390,51;132,10;0,14%;12,51%
23/10/2017;75.413,13;130,41;-1,28%;11,44%
24/10/2017;76.350,19;132,03;1,24%;13,97%
25/10/2017;76.671,13;132,58;0,42%;13,83%
26/10/2017;75.896,35;131,24;-1,01%;11,15%
27/10/2017;75.975,71;131,38;0,10%;11,15%
30/10/2017;74.800,33;129,35;-1,55%;9,05%
31/10/2017;74.308,49;128,50;-0,66%;9,31%
01/11/2017;73.823,74;127,66;-0,65%;7,44%
03/11/2017;73.915,43;127,82;0,12%;7,69%
06/11/2017;74.310,79;128,50;0,53%;6,14%
07/11/2017;72.414,88;125,22;-2,55%;2,75%
08/11/2017;74.363,13;128,59;2,69%;4,54%
09/11/2017;72.930,69;126,11;-1,93%;2,61%
10/11/2017;72.165,64;124,79;-1,05%;1,62%
13/11/2017;72.475,17;125,33;0,43%;1,61%
14/11/2017;70.826,59;122,48;-2,27%;-0,08%
16/11/2017;72.511,79;125,39;2,38%;2,37%
17/11/2017;73.437,28;126,99;1,28%;2,11%
21/11/2017;74.594,61;128,99;1,58%;3,42%
22/11/2017;74.518,79;128,86;-0,10%;3,28%
23/11/2017;74.486,58;128,80;-0,04%;1,46%
24/11/2017;74.157,37;128,24;-0,44%;1,48%
27/11/2017;74.058,92;128,06;-0,13%;-0,35%
28/11/2017;74.139,72;128,20;0,11%;-0,54%
29/11/2017;72.700,45;125,72;-1,94%;-2,79%
30/11/2017;71.970,99;124,45;-1,00%;-3,60%
01/12/2017;72.264,45;124,96;0,41%;-4,61%
04/12/2017;73.090,17;126,39;1,14%;-3,82%
05/12/2017;72.546,17;125,45;-0,74%;-4,51%
06/12/2017;73.268,35;126,70;1,00%;-3,60%
07/12/2017;72.487,46;125,35;-1,07%;-4,12%
08/12/2017;72.731,84;125,77;0,34%;-3,53%
11/12/2017;72.800,04;125,89;0,09%;-2,21%
12/12/2017;73.813,53;127,64;1,39%;-0,68%
13/12/2017;72.914,33;126,09;-1,22%;-1,20%
14/12/2017;72.428,93;125,25;-0,67%;-1,55%
15/12/2017;72.607,70;125,56;0,25%;-2,27%
18/12/2017;73.115,45;126,43;0,70%;-1,67%
19/12/2017;72.680,37;125,68;-0,60%;-5,32%
20/12/2017;73.367,03;126,87;0,94%;-4,21%
21/12/2017;75.133,43;129,92;2,41%;-1,94%
22/12/2017;75.186,53;130,01;0,07%;-1,14%
26/12/2017;75.707,73;130,92;0,69%;-0,03%
27/12/2017;76.072,54;131,55;0,48%;-1,07%
28/12/2017;76.402,08;132,12;0,43%;-0,34%
02/01/2018;77.891,04;134,69;1,95%;1,17%
03/01/2018;77.995,16;134,87;0,13%;1,43%
04/01/2018;78.647,42;136,00;0,84%;3,21%
05/01/2018;79.071,47;136,73;0,54%;3,24%
08/01/2018;79.378,54;137,26;0,39%;4,06%
09/01/2018;78.863,54;136,37;-0,65%;3,24%
10/01/2018;78.200,57;135,23;-0,84%;3,70%
11/01/2018;79.365,44;137,24;1,49%;3,95%
12/01/2018;79.349,12;137,21;-0,02%;3,49%
15/01/2018;79.752,37;137,91;0,51%;5,08%
16/01/2018;79.831,76;138,05;0,10%;5,08%
17/01/2018;81.189,16;140,39;1,70%;8,54%
18/01/2018;80.962,65;140,00;-0,28%;8,95%
19/01/2018;81.219,50;140,45;0,32%;10,02%
22/01/2018;81.675,42;141,24;0,56%;10,50%
23/01/2018;80.678,35;139,51;-1,22%;8,57%
24/01/2018;83.680,00;144,70;3,72%;15,56%
26/01/2018;85.530,84;147,90;2,21%;15,02%
29/01/2018;84.698,01;146,46;-0,97%;16,13%
30/01/2018;84.482,46;146,09;-0,25%;17,07%
31/01/2018;84.912,70;146,83;0,51%;17,16%
01/02/2018;85.495,24;147,84;0,69%;20,71%
02/02/2018;84.041,34;145,33;-1,70%;15,90%
05/02/2018;81.861,09;141,56;-2,59%;11,47%
06/02/2018;83.894,04;145,07;2,48%;12,47%
07/02/2018;82.766,73;143,12;-1,34%;11,07%
08/02/2018;81.532,53;140,99;-1,49%;9,46%
09/02/2018;80.898,70;139,89;-0,78%;9,09%
14/02/2018;83.542,84;144,46;3,27%;12,81%
15/02/2018;84.290,57;145,76;0,90%;13,69%
16/02/2018;84.524,58;146,16;0,28%;16,26%
19/02/2018;84.792,71;146,63;0,32%;17,82%
20/02/2018;85.803,96;148,37;1,19%;18,74%
21/02/2018;86.051,82;148,80;0,29%;17,73%
22/02/2018;86.686,45;149,90;0,74%;19,49%
23/02/2018;87.293,24;150,95;0,70%;19,14%
26/02/2018;87.652,64;151,57;0,41%;20,92%
27/02/2018;86.935,44;150,33;-0,82%;19,53%
28/02/2018;85.353,60;147,60;-1,82%;17,24%
01/03/2018;85.377,79;147,64;0,03%;15,67%
02/03/2018;85.761,34;148,30;0,45%;17,62%
05/03/2018;86.022,83;148,75;0,30%;18,77%
06/03/2018;85.653,02;148,11;-0,43%;17,97%
07/03/2018;85.483,55;147,82;-0,20%;16,92%
08/03/2018;84.984,61;146,96;-0,58%;16,93%
09/03/2018;86.371,41;149,36;1,63%;17,73%
12/03/2018;86.900,43;150,27;0,61%;15,66%
13/03/2018;86.383,85;149,38;-0,59%;14,89%
14/03/2018;86.050,96;148,80;-0,39%;13,66%
15/03/2018;84.928,20;146,86;-1,30%;11,64%
16/03/2018;84.886,49;146,79;-0,05%;11,10%
19/03/2018;83.913,06;145,10;-1,15%;7,73%
20/03/2018;84.163,80;145,54;0,30%;7,91%
21/03/2018;84.976,59;146,94;0,97%;8,05%
22/03/2018;84.767,88;146,58;-0,25%;7,20%
23/03/2018;84.377,19;145,91;-0,46%;6,30%
26/03/2018;85.087,86;147,14;0,84%;7,89%
27/03/2018;83.808,06;144,92;-1,50%;7,17%
28/03/2018;83.874,14;145,04;0,08%;5,68%
29/03/2018;85.365,56;147,62;1,78%;7,58%
02/04/2018;84.666,44;146,41;-0,82%;6,16%
03/04/2018;84.623,46;146,33;-0,05%;6,00%
04/04/2018;84.359,69;145,88;-0,31%;3,91%
05/04/2018;85.209,66;147,35;1,01%;5,25%
06/04/2018;84.820,42;146,67;-0,46%;4,43%
09/04/2018;83.307,23;144,06;-1,78%;2,00%
10/04/2018;84.510,36;146,14;1,44%;4,75%
11/04/2018;85.245,59;147,41;0,87%;1,87%
12/04/2018;85.443,53;147,75;0,23%;-0,10%
13/04/2018;84.334,41;145,83;-1,30%;-0,43%
16/04/2018;82.861,58;143,29;-1,75%;-1,92%
17/04/2018;84.086,13;145,40;1,48%;-0,97%
18/04/2018;85.776,46;148,33;2,01%;0,33%
19/04/2018;85.824,26;148,41;0,06%;2,12%
20/04/2018;85.550,09;147,94;-0,32%;4,51%
23/04/2018;85.602,50;148,03;0,06%;2,04%
24/04/2018;85.469,08;147,80;-0,16%;3,27%
25/04/2018;85.044,39;147,06;-0,50%;4,31%
26/04/2018;86.383,20;149,38;1,57%;6,78%
27/04/2018;86.444,66;149,48;0,07%;3,47%
30/04/2018;86.115,50;148,91;-0,38%;2,17%
02/05/2018;84.547,09;146,20;-1,82%;0,03%
03/05/2018;83.288,14;144,02;-1,49%;-1,77%
04/05/2018;83.118,03;143,73;-0,20%;-3,13%
07/05/2018;82.714,43;143,03;-0,49%;-3,88%
08/05/2018;82.956,05;143,45;0,29%;-4,30%
09/05/2018;84.265,49;145,71;1,58%;-3,47%
10/05/2018;85.861,20;148,47;1,89%;-2,04%
11/05/2018;85.220,24;147,37;-0,75%;-1,97%
14/05/2018;85.232,18;147,39;0,01%;-0,14%
15/05/2018;85.130,42;147,21;-0,12%;-0,29%
16/05/2018;86.536,97;149,64;1,65%;0,90%
17/05/2018;83.621,95;144,60;-3,37%;-2,79%
18/05/2018;83.081,88;143,67;-0,65%;-3,00%
21/05/2018;81.815,32;141,48;-1,52%;-4,29%
22/05/2018;82.738,88;143,07;1,13%;-2,64%
23/05/2018;80.867,29;139,84;-2,26%;-6,37%
24/05/2018;80.122,31;138,55;-0,92%;-7,80%
25/05/2018;78.897,66;136,43;-1,53%;-8,67%
28/05/2018;75.355,84;130,31;-4,49%;-12,43%
29/05/2018;76.071,97;131,55;0,95%;-10,43%
30/05/2018;76.753,61;132,72;0,90%;-9,58%
01/06/2018;77.239,75;133,57;0,63%;-7,95%
04/06/2018;78.596,06;135,91;1,76%;-6,62%
05/06/2018;76.641,72;132,53;-2,49%;-9,81%
06/06/2018;76.117,22;131,62;-0,68%;-10,21%
07/06/2018;73.851,46;127,71;-2,98%;-12,47%
08/06/2018;72.942,07;126,13;-1,23%;-14,27%
11/06/2018;72.307,77;125,04;-0,87%;-13,72%
12/06/2018;72.754,13;125,81;0,62%;-13,26%
13/06/2018;72.122,14;124,72;-0,87%;-15,51%
14/06/2018;71.421,19;123,50;-0,97%;-15,64%
15/06/2018;70.757,73;122,36;-0,93%;-16,39%
18/06/2018;69.814,74;120,73;-1,33%;-17,24%
19/06/2018;71.394,34;123,46;2,26%;-16,21%
20/06/2018;72.123,41;124,72;1,02%;-14,97%
21/06/2018;70.074,90;121,18;-2,84%;-15,88%
22/06/2018;70.640,65;122,15;0,81%;-16,41%
25/06/2018;70.952,97;122,69;0,44%;-16,77%
26/06/2018;71.404,59;123,47;0,64%;-16,43%
27/06/2018;70.609,00;122,10;-1,11%;-16,27%
28/06/2018;71.766,52;124,10;1,64%;-13,39%
29/06/2018;72.762,51;125,82;1,39%;-13,47%
02/07/2018;72.839,74;125,96;0,11%;-15,08%
03/07/2018;73.667,75;127,39;1,14%;-14,16%
04/07/2018;74.743,11;129,25;1,46%;-12,63%
05/07/2018;74.553,06;128,92;-0,25%;-12,91%
06/07/2018;75.010,39;129,71;0,61%;-12,24%
10/07/2018;74.862,38;129,45;-0,20%;-11,97%
11/07/2018;74.398,55;128,65;-0,62%;-13,87%
12/07/2018;75.856,22;131,17;1,96%;-12,25%
13/07/2018;76.594,35;132,45;0,97%;-11,06%
16/07/2018;76.652,58;132,55;0,08%;-9,34%
17/07/2018;78.130,30;135,11;1,93%;-6,19%
18/07/2018;77.362,63;133,78;-0,98%;-6,92%
19/07/2018;77.486,84;133,99;0,16%;-6,32%
20/07/2018;78.571,29;135,87;1,40%;-5,29%
23/07/2018;77.996,12;134,87;-0,73%;-7,44%
24/07/2018;79.154,98;136,88;1,49%;-7,81%
25/07/2018;80.218,04;138,72;1,34%;-5,87%
26/07/2018;79.405,34;137,31;-1,01%;-6,84%
27/07/2018;79.866,10;138,11;0,58%;-6,18%
30/07/2018;80.275,59;138,81;0,51%;-7,24%
31/07/2018;79.220,43;136,99;-1,31%;-5,26%
01/08/2018;79.301,65;137,13;0,10%;-4,55%
02/08/2018;79.636,69;137,71;0,42%;-2,66%
03/08/2018;81.434,98;140,82;2,26%;-1,58%
06/08/2018;81.050,76;140,16;-0,47%;0,23%
07/08/2018;80.346,52;138,94;-0,87%;0,28%
08/08/2018;79.151,70;136,87;-1,49%;0,32%
09/08/2018;78.767,99;136,21;-0,48%;4,53%
10/08/2018;76.514,35;132,31;-2,86%;0,58%
13/08/2018;77.496,45;134,01;1,28%;0,97%
14/08/2018;78.602,11;135,92;1,43%;1,76%
15/08/2018;77.077,50;133,28;-1,94%;-1,93%
16/08/2018;76.818,72;132,84;-0,34%;0,23%
17/08/2018;76.028,50;131,47;-1,03%;-0,12%
20/08/2018;76.327,89;131,99;0,39%;3,35%
21/08/2018;75.180,40;130,00;-1,50%;3,07%
22/08/2018;76.902,30;132,98;2,29%;6,35%
23/08/2018;75.633,77;130,79;-1,65%;3,96%
24/08/2018;76.262,23;131,87;0,83%;5,74%
27/08/2018;77.929,68;134,76;2,19%;9,11%
28/08/2018;77.473,18;133,97;-0,59%;9,49%
29/08/2018;78.388,83;135,55;1,18%;12,28%
30/08/2018;76.404,09;132,12;-2,53%;7,02%
31/08/2018;76.677,53;132,59;0,36%;6,31%
03/09/2018;76.192,73;131,75;-0,63%;8,73%
04/09/2018;74.711,80;129,19;-1,94%;5,76%
05/09/2018;75.092,27;129,85;0,51%;5,83%
06/09/2018;76.416,01;132,14;1,76%;7,02%
10/09/2018;76.436,35;132,18;0,03%;8,25%
11/09/2018;74.656,51;129,10;-2,33%;4,03%
12/09/2018;75.124,81;129,91;0,63%;3,25%
13/09/2018;74.686,67;129,15;-0,58%;2,54%
14/09/2018;75.429,09;130,43;0,99%;2,39%
17/09/2018;76.788,85;132,79;1,80%;2,74%
18/09/2018;78.313,96;135,42;1,99%;5,04%
19/09/2018;78.168,66;135,17;-0,19%;4,21%
20/09/2018;78.116,01;135,08;-0,07%;4,35%
21/09/2018;79.444,29;137,38;1,70%;6,78%
24/09/2018;77.984,18;134,85;-1,84%;2,81%
25/09/2018;78.630,14;135,97;0,83%;2,66%
26/09/2018;78.656,16;136,01;0,03%;2,61%
27/09/2018;80.000,09;138,34;1,71%;2,39%
28/09/2018;79.342,42;137,20;-0,82%;2,56%
01/10/2018;78.623,66;135,96;-0,91%;1,47%
02/10/2018;81.612,28;141,13;3,80%;3,87%
03/10/2018;83.273,40;144,00;2,04%;6,77%
04/10/2018;82.952,81;143,44;-0,38%;4,80%
05/10/2018;82.321,52;142,35;-0,76%;2,62%
08/10/2018;86.083,91;148,86;4,57%;8,41%
09/10/2018;86.087,55;148,87;0,00%;7,79%
10/10/2018;83.679,11;144,70;-2,80%;4,24%
11/10/2018;82.921,08;143,39;-0,91%;4,67%
15/10/2018;83.359,76;144,15;0,53%;5,12%
16/10/2018;85.717,56;148,23;2,83%;7,64%
17/10/2018;85.763,95;148,31;0,05%;5,32%
18/10/2018;83.847,12;144,99;-2,24%;3,45%
19/10/2018;84.219,74;145,64;0,44%;4,82%
22/10/2018;85.596,69;148,02;1,63%;8,14%
23/10/2018;85.300,03;147,50;-0,35%;8,29%
24/10/2018;83.063,56;143,64;-2,62%;8,56%
25/10/2018;84.083,51;145,40;1,23%;8,50%
26/10/2018;85.719,87;148,23;1,95%;9,06%
29/10/2018;83.796,71;144,90;-2,24%;8,72%
30/10/2018;86.885,71;150,25;3,69%;13,10%
31/10/2018;87.423,55;151,18;0,62%;14,99%
01/11/2018;88.419,05;152,90;1,14%;15,84%
05/11/2018;89.598,16;154,94;1,33%;19,18%
06/11/2018;88.668,92;153,33;-1,04%;15,30%
07/11/2018;87.714,35;151,68;-1,08%;15,97%
08/11/2018;85.620,13;148,06;-2,39%;12,27%
09/11/2018;85.641,21;148,09;0,02%;9,90%
12/11/2018;85.524,70;147,89;-0,14%;10,39%
13/11/2018;84.914,11;146,84;-0,71%;8,32%
14/11/2018;85.973,06;148,67;1,25%;12,52%
16/11/2018;88.515,27;153,06;2,96%;15,44%
19/11/2018;87.900,83;152,00;-0,69%;15,37%
21/11/2018;87.268,80;150,91;-0,72%;16,81%
22/11/2018;87.477,44;151,27;0,24%;16,49%
23/11/2018;86.230,22;149,11;-1,43%;12,84%
26/11/2018;85.546,51;147,93;-0,79%;11,92%
27/11/2018;87.891,18;151,98;2,74%;17,73%
28/11/2018;89.250,82;154,34;1,55%;18,80%
29/11/2018;89.709,56;155,13;0,51%;20,11%
30/11/2018;89.504,03;154,77;-0,23%;18,66%
03/12/2018;89.820,09;155,32;0,35%;16,97%
04/12/2018;88.624,45;153,25;-1,33%;13,17%
05/12/2018;89.039,79;153,97;0,47%;13,91%
06/12/2018;88.846,48;153,64;-0,22%;13,74%
07/12/2018;88.115,07;152,37;-0,82%;10,91%
10/12/2018;85.914,71;148,57;-2,50%;10,17%
11/12/2018;86.419,57;149,44;0,59%;9,91%
12/12/2018;86.977,46;150,40;0,65%;10,58%
13/12/2018;87.837,59;151,89;0,99%;9,80%
14/12/2018;87.449,50;151,22;-0,44%;10,22%
17/12/2018;86.399,68;149,40;-1,20%;9,89%
18/12/2018;86.610,49;149,77;0,24%;6,12%
19/12/2018;85.673,52;148,15;-1,08%;2,88%
20/12/2018;85.269,29;147,45;-0,47%;2,79%
21/12/2018;85.697,15;148,19;0,50%;4,10%
26/12/2018;85.136,10;147,22;-0,65%;-1,10%
27/12/2018;85.460,20;147,78;0,38%;-0,73%
28/12/2018;87.887,26;151,98;2,84%;5,03%
02/01/2019;91.012,31;157,38;3,56%;9,76%
03/01/2019;91.564,25;158,34;0,61%;9,84%
04/01/2019;91.840,79;158,81;0,30%;7,14%
07/01/2019;91.699,05;158,57;-0,15%;6,92%
08/01/2019;92.031,86;159,14;0,36%;9,76%
09/01/2019;93.613,04;161,88;1,72%;11,15%
10/01/2019;93.805,93;162,21;0,21%;9,59%
11/01/2019;93.658,31;161,96;-0,16%;9,80%
14/01/2019;94.474,13;163,37;0,87%;13,74%
15/01/2019;94.055,72;162,64;-0,44%;11,86%
16/01/2019;94.393,07;163,23;0,36%;10,12%
17/01/2019;95.351,09;164,88;1,01%;13,79%
18/01/2019;96.096,75;166,17;0,78%;10,60%
21/01/2019;96.009,77;166,02;-0,09%;9,82%
22/01/2019;95.103,38;164,46;-0,94%;7,56%
23/01/2019;96.558,42;166,97;1,53%;7,77%
24/01/2019;97.677,19;168,91;1,16%;10,16%
28/01/2019;95.443,88;165,04;-2,29%;8,81%
29/01/2019;95.639,33;165,38;0,20%;11,70%
30/01/2019;96.996,21;167,73;1,42%;13,26%
31/01/2019;97.393,74;168,42;0,41%;13,88%
01/02/2019;97.861,27;169,22;0,48%;15,25%
04/02/2019;98.588,63;170,48;0,74%;14,67%
05/02/2019;98.311,20;170,00;-0,28%;11,07%
06/02/2019;94.635,57;163,65;-3,74%;7,66%
07/02/2019;94.405,59;163,25;-0,24%;8,18%
08/02/2019;95.343,10;164,87;0,99%;8,99%
11/02/2019;94.412,91;163,26;-0,98%;9,49%
12/02/2019;96.168,40;166,30;1,86%;12,42%
13/02/2019;95.842,40;165,73;-0,34%;9,05%
14/02/2019;98.015,09;169,49;2,27%;9,82%
15/02/2019;97.525,91;168,64;-0,50%;8,71%
18/02/2019;96.509,89;166,89;-1,04%;7,83%
19/02/2019;97.659,15;168,87;1,19%;8,73%
20/02/2019;96.544,81;166,95;-1,14%;8,94%
21/02/2019;96.932,27;167,62;0,40%;8,86%
22/02/2019;97.885,60;169,27;0,98%;10,17%
25/02/2019;97.239,90;168,15;-0,66%;10,36%
26/02/2019;97.602,50;168,78;0,37%;13,60%
27/02/2019;97.307,31;168,27;-0,30%;12,60%
28/02/2019;95.584,35;165,29;-1,77%;9,90%
01/03/2019;94.603,75;163,59;-1,03%;7,70%
06/03/2019;94.216,87;162,92;-0,41%;7,74%
07/03/2019;94.340,17;163,14;0,13%;9,19%
08/03/2019;95.364,85;164,91;1,09%;10,11%
11/03/2019;98.026,62;169,51;2,79%;14,42%
12/03/2019;97.828,03;169,17;-0,20%;14,73%
13/03/2019;98.903,88;171,03;1,10%;15,41%
14/03/2019;98.604,67;170,51;-0,30%;15,82%
15/03/2019;99.136,74;171,43;0,54%;16,00%
18/03/2019;99.993,92;172,91;0,86%;13,78%
19/03/2019;99.588,37;172,21;-0,41%;9,42%
20/03/2019;98.041,37;169,54;-1,55%;7,07%
21/03/2019;96.729,08;167,27;-1,34%;5,32%
22/03/2019;93.735,15;162,09;-3,10%;2,22%
25/03/2019;93.662,01;161,96;-0,08%;1,77%
26/03/2019;95.306,82;164,81;1,76%;1,81%
27/03/2019;91.903,40;158,92;-3,57%;-2,03%
28/03/2019;94.388,94;163,22;2,70%;0,78%
29/03/2019;95.414,55;164,99;1,09%;1,00%
01/04/2019;96.054,45;166,10;0,67%;2,13%
02/04/2019;95.386,76;164,95;-0,70%;1,05%
03/04/2019;94.491,48;163,40;-0,94%;-0,90%
04/04/2019;96.313,06;166,55;1,93%;0,23%
05/04/2019;97.108,17;167,92;0,83%;1,14%
08/04/2019;97.369,29;168,37;0,27%;2,38%
09/04/2019;96.291,79;166,51;-1,11%;-0,28%
10/04/2019;95.953,45;165,93;-0,35%;-1,76%
11/04/2019;94.754,70;163,85;-1,25%;-0,72%
12/04/2019;92.875,00;160,60;-1,98%;-2,89%
15/04/2019;93.082,97;160,96;0,22%;-4,03%
16/04/2019;94.333,31;163,12;1,34%;-3,14%
17/04/2019;93.284,75;161,31;-1,11%;-4,68%
18/04/2019;94.578,26;163,55;1,39%;-4,07%
22/04/2019;94.588,06;163,56;0,01%;-3,79%
23/04/2019;95.923,24;165,87;1,41%;1,36%
24/04/2019;95.045,43;164,36;-0,92%;0,68%
25/04/2019;96.552,03;166,96;1,59%;1,27%
26/04/2019;96.236,04;166,41;-0,33%;1,93%
29/04/2019;96.187,75;166,33;-0,05%;0,02%
30/04/2019;96.353,33;166,62;0,17%;0,53%
02/05/2019;95.527,62;165,19;-0,86%;-2,54%
03/05/2019;96.007,89;166,02;0,50%;-1,56%
06/05/2019;95.008,66;164,29;-1,04%;-1,56%
07/05/2019;94.388,73;163,22;-0,65%;-3,35%
08/05/2019;95.596,61;165,31;1,28%;-0,98%
09/05/2019;94.807,85;163,94;-0,83%;-2,19%
10/05/2019;94.257,56;162,99;-0,58%;-3,71%
13/05/2019;91.726,54;158,62;-2,69%;-5,67%
14/05/2019;92.092,44;159,25;0,40%;-5,65%
15/05/2019;91.623,44;158,44;-0,51%;-5,84%
16/05/2019;90.024,47;155,67;-1,75%;-5,82%
17/05/2019;89.992,73;155,62;-0,04%;-4,87%
20/05/2019;91.946,19;159,00;2,17%;-2,41%
21/05/2019;94.484,63;163,39;2,76%;0,15%
22/05/2019;94.360,66;163,17;-0,13%;-1,05%
23/05/2019;93.910,03;162,39;-0,48%;-4,20%
24/05/2019;93.627,80;161,90;-0,30%;-4,29%
27/05/2019;94.864,25;164,04;1,32%;-4,08%
28/05/2019;96.392,76;166,69;1,61%;-2,24%
29/05/2019;96.566,55;166,99;0,18%;-2,59%
30/05/2019;97.457,36;168,53;0,92%;-2,54%
31/05/2019;97.030,32;167,79;-0,44%;-2,57%
03/06/2019;97.020,48;167,77;-0,01%;-1,04%
04/06/2019;97.380,28;168,39;0,37%;0,67%
05/06/2019;95.998,75;166,00;-1,42%;2,41%
06/06/2019;97.204,85;168,09;1,26%;3,78%
07/06/2019;97.821,26;169,16;0,63%;2,64%
10/06/2019;97.466,69;168,54;-0,36%;6,05%
11/06/2019;98.960,00;171,12;1,53%;4,84%
12/06/2019;98.320,88;170,02;-0,65%;3,05%
13/06/2019;98.773,70;170,80;0,46%;2,83%
14/06/2019;98.040,06;169,53;-0,74%;2,78%
17/06/2019;97.623,25;168,81;-0,43%;3,31%
18/06/2019;99.404,39;171,89;1,82%;3,21%
19/06/2019;100.303,41;173,45;0,90%;3,29%
21/06/2019;102.012,64;176,40;1,70%;4,77%
24/06/2019;102.062,33;176,49;0,05%;5,99%
25/06/2019;100.092,95;173,08;-1,93%;4,31%
26/06/2019;100.688,63;174,11;0,60%;6,26%
27/06/2019;100.723,97;174,17;0,04%;8,45%
28/06/2019;100.967,20;174,60;0,24%;8,47%
01/07/2019;101.339,68;175,24;0,37%;7,43%
02/07/2019;100.605,17;173,97;-0,72%;7,85%
03/07/2019;102.043,11;176,46;1,43%;7,89%
04/07/2019;103.636,17;179,21;1,56%;9,57%
05/07/2019;104.089,47;179,99;0,44%;8,51%
08/07/2019;104.530,22;180,76;0,42%;9,98%
10/07/2019;105.817,06;182,98;1,23%;9,60%
11/07/2019;105.146,44;181,82;-0,63%;9,26%
12/07/2019;103.905,99;179,68;-1,18%;8,02%
15/07/2019;103.802,69;179,50;-0,10%;7,73%
16/07/2019;103.775,41;179,45;-0,03%;8,63%
17/07/2019;103.855,53;179,59;0,08%;8,17%
18/07/2019;104.716,59;181,08;0,83%;10,22%
19/07/2019;103.451,93;178,89;-1,21%;9,60%
22/07/2019;103.949,46;179,75;0,48%;8,74%
23/07/2019;103.704,28;179,33;-0,24%;9,38%
24/07/2019;104.119,54;180,05;0,40%;10,46%
25/07/2019;102.654,58;177,51;-1,41%;11,91%
26/07/2019;102.818,93;177,80;0,16%;11,65%
29/07/2019;103.482,63;178,95;0,65%;12,94%
30/07/2019;102.932,76;177,99;-0,53%;14,34%
31/07/2019;101.812,13;176,06;-1,09%;13,13%
01/08/2019;102.125,94;176,60;0,31%;11,07%
02/08/2019;102.673,68;177,55;0,54%;8,67%
05/08/2019;100.097,75;173,09;-2,51%;6,08%
06/08/2019;102.163,69;176,66;2,06%;8,79%
07/08/2019;102.782,37;177,73;0,61%;9,78%
08/08/2019;104.115,23;180,04;1,30%;9,75%
09/08/2019;103.996,16;179,83;-0,11%;7,89%
12/08/2019;101.915,22;176,23;-2,00%;5,54%
13/08/2019;103.299,47;178,63;1,36%;5,99%
14/08/2019;100.258,01;173,37;-2,94%;3,33%
15/08/2019;99.056,91;171,29;-1,20%;2,10%
16/08/2019;99.805,78;172,59;0,76%;2,49%
19/08/2019;99.468,67;172,00;-0,34%;3,61%
20/08/2019;99.222,25;171,58;-0,25%;2,08%
21/08/2019;101.201,90;175,00;2,00%;3,46%
22/08/2019;100.011,28;172,94;-1,18%;2,61%
23/08/2019;97.667,49;168,89;-2,34%;-1,31%
26/08/2019;96.429,60;166,75;-1,27%;-1,92%
27/08/2019;97.276,19;168,21;0,88%;-1,52%
28/08/2019;98.193,53;169,80;0,94%;0,16%
29/08/2019;100.524,43;173,83;2,37%;2,97%
30/08/2019;101.134,61;174,88;0,61%;1,74%
02/09/2019;100.625,74;174,00;-0,50%;0,32%
03/09/2019;99.680,83;172,37;-0,94%;-2,29%
04/09/2019;101.200,89;175,00;1,52%;-0,84%
05/09/2019;102.243,00;176,80;1,03%;2,15%
06/09/2019;102.935,43;178,00;0,68%;2,23%
09/09/2019;103.180,59;178,42;0,24%;2,44%
10/09/2019;103.031,50;178,16;-0,14%;2,04%
11/09/2019;103.445,60;178,88;0,40%;2,08%
12/09/2019;104.370,91;180,48;0,89%;3,74%
13/09/2019;103.501,18;178,98;-0,83%;1,43%
16/09/2019;103.680,41;179,29;0,17%;0,04%
17/09/2019;104.616,86;180,91;0,90%;0,51%
18/09/2019;104.531,93;180,76;-0,08%;0,00%
19/09/2019;104.339,16;180,43;-0,18%;-1,40%
20/09/2019;104.817,40;181,25;0,46%;-0,31%
23/09/2019;104.637,82;180,94;-0,17%;0,70%
24/09/2019;103.875,66;179,62;-0,73%;0,07%
25/09/2019;104.480,98;180,67;0,58%;0,68%
26/09/2019;105.319,40;182,12;0,80%;1,41%
27/09/2019;105.077,63;181,70;-0,23%;0,34%
30/09/2019;104.745,32;181,13;-0,32%;1,25%
01/10/2019;104.053,40;179,93;-0,66%;0,10%
02/10/2019;101.031,44;174,71;-2,90%;-2,58%
03/10/2019;101.516,04;175,54;0,48%;-2,50%
04/10/2019;102.551,32;177,33;1,02%;-0,10%
07/10/2019;100.572,77;173,91;-1,93%;-2,18%
08/10/2019;99.981,40;172,89;-0,59%;-3,38%
09/10/2019;101.248,78;175,08;1,27%;-1,64%
10/10/2019;101.817,13;176,07;0,56%;0,00%
11/10/2019;103.831,92;179,55;1,98%;1,67%
14/10/2019;104.301,58;180,36;0,45%;1,59%
15/10/2019;104.489,56;180,69;0,18%;4,39%
16/10/2019;105.422,80;182,30;0,89%;3,19%
17/10/2019;105.015,77;181,60;-0,39%;2,17%
18/10/2019;104.728,89;181,10;-0,27%;0,59%
21/10/2019;106.022,28;183,34;1,23%;1,95%
22/10/2019;107.381,11;185,69;1,28%;5,36%
23/10/2019;107.543,59;185,97;0,15%;4,11%
24/10/2019;106.986,15;185,00;-0,52%;6,71%
25/10/2019;107.363,77;185,66;0,35%;8,39%
28/10/2019;108.187,06;187,08;0,77%;8,40%
29/10/2019;107.556,26;185,99;-0,58%;8,13%
30/10/2019;108.407,54;187,46;0,79%;9,26%
31/10/2019;107.219,83;185,41;-1,10%;5,95%
01/11/2019;108.195,63;187,09;0,91%;8,18%
04/11/2019;108.779,33;188,10;0,54%;11,38%
05/11/2019;108.719,02;188,00;-0,06%;12,74%
06/11/2019;108.360,22;187,38;-0,33%;11,39%
07/11/2019;109.580,57;189,49;1,13%;11,60%
08/11/2019;107.628,98;186,12;-1,78%;7,07%
11/11/2019;108.367,44;187,39;0,69%;7,15%
12/11/2019;106.751,11;184,60;-1,49%;6,09%
13/11/2019;106.059,95;183,40;-0,65%;6,40%
14/11/2019;106.556,88;184,26;0,47%;5,29%
18/11/2019;106.269,25;183,76;-0,27%;3,94%
19/11/2019;105.864,18;183,06;-0,38%;2,85%
21/11/2019;107.496,73;185,89;1,54%;4,18%
22/11/2019;108.692,28;187,95;1,11%;5,49%
25/11/2019;108.423,93;187,49;-0,25%;4,81%
26/11/2019;107.059,40;185,13;-1,26%;2,58%
27/11/2019;107.707,75;186,25;0,61%;4,06%
28/11/2019;108.290,09;187,26;0,54%;4,45%
29/11/2019;108.233,28;187,16;-0,05%;3,46%
02/12/2019;108.927,83;188,36;0,64%;4,21%
03/12/2019;108.956,02;188,41;0,03%;4,42%
04/12/2019;110.300,93;190,74;1,23%;5,23%
05/12/2019;110.622,27;191,29;0,29%;5,72%
06/12/2019;111.125,75;192,16;0,46%;6,98%
09/12/2019;110.977,23;191,90;-0,13%;6,22%
10/12/2019;110.672,01;191,38;-0,28%;5,08%
11/12/2019;110.963,87;191,88;0,26%;5,60%
12/12/2019;112.199,74;194,02;1,11%;7,12%
13/12/2019;112.564,86;194,65;0,33%;8,18%
16/12/2019;111.896,04;193,49;-0,59%;10,75%
17/12/2019;112.615,66;194,74;0,64%;10,93%
18/12/2019;114.314,65;197,68;1,51%;11,47%
19/12/2019;115.131,25;199,09;0,71%;14,48%
20/12/2019;115.121,08;199,07;-0,01%;15,14%
23/12/2019;115.863,29;200,35;0,64%;14,43%
26/12/2019;117.203,20;202,67;1,16%;15,11%
27/12/2019;116.533,98;201,51;-0,57%;12,23%
30/12/2019;115.645,34;199,98;-0,76%;10,88%
02/01/2020;118.573,10;205,04;2,53%;13,48%
03/01/2020;117.706,66;203,54;-0,73%;11,65%
06/01/2020;116.877,92;202,11;-0,70%;11,30%
07/01/2020;116.661,94;201,74;-0,18%;11,39%
08/01/2020;116.247,03;201,02;-0,36%;9,64%
09/01/2020;115.947,11;200,50;-0,26%;7,98%
10/01/2020;115.503,42;199,73;-0,38%;7,40%
13/01/2020;117.325,28;202,88;1,58%;9,66%
14/01/2020;117.632,40;203,41;0,26%;9,56%
15/01/2020;116.414,35;201,31;-1,04%;7,60%
16/01/2020;116.704,21;201,81;0,25%;8,51%
17/01/2020;118.478,30;204,88;1,52%;9,29%
20/01/2020;118.861,63;205,54;0,32%;10,86%
21/01/2020;117.026,04;202,36;-1,54%;8,16%
22/01/2020;118.391,36;204,73;1,17%;8,84%
23/01/2020;119.527,63;206,69;0,96%;9,94%
24/01/2020;118.376,36;204,70;-0,96%;9,24%
27/01/2020;114.481,84;197,97;-3,29%;4,47%
28/01/2020;116.478,98;201,42;1,74%;8,22%
29/01/2020;115.384,84;199,53;-0,94%;6,48%
30/01/2020;115.528,04;199,77;0,12%;8,22%
31/01/2020;113.760,57;196,72;-1,53%;7,26%
03/02/2020;114.629,21;198,22;0,76%;7,58%
04/02/2020;115.556,71;199,82;0,81%;8,74%
05/02/2020;116.028,27;200,64;0,41%;9,60%
06/02/2020;115.189,97;199,19;-0,72%;7,16%
07/02/2020;113.770,29;196,73;-1,23%;4,67%
10/02/2020;112.570,30;194,66;-1,05%;3,82%
11/02/2020;115.370,61;199,50;2,49%;7,76%
12/02/2020;116.674,13;201,76;1,13%;8,32%
13/02/2020;115.662,40;200,01;-0,87%;6,81%
14/02/2020;114.380,71;197,79;-1,11%;5,68%
17/02/2020;115.309,08;199,40;0,81%;5,86%
18/02/2020;114.977,29;198,82;-0,29%;5,53%
19/02/2020;116.517,59;201,49;1,34%;5,64%
20/02/2020;114.586,24;198,15;-1,66%;3,58%
21/02/2020;113.681,42;196,58;-0,79%;2,30%
26/02/2020;105.718,29;182,81;-7,00%;-4,74%
27/02/2020;102.983,54;178,08;-2,59%;-6,95%
28/02/2020;104.171,57;180,14;1,15%;-6,12%
02/03/2020;106.625,41;184,38;2,36%;-4,97%
03/03/2020;105.537,14;182,50;-1,02%;-6,24%
04/03/2020;107.224,22;185,42;1,60%;-4,18%
05/03/2020;102.233,24;176,78;-4,65%;-9,22%
06/03/2020;97.996,77;169,46;-4,14%;-14,27%
09/03/2020;86.067,20;148,83;-12,17%;-25,24%
10/03/2020;92.214,47;159,46;7,14%;-19,90%
11/03/2020;85.171,13;147,28;-7,64%;-26,49%
12/03/2020;72.582,53;125,51;-14,78%;-38,07%
13/03/2020;82.677,91;142,97;13,91%;-29,05%
16/03/2020;71.168,05;123,07;-13,92%;-38,46%
17/03/2020;74.617,24;129,03;4,85%;-37,07%
18/03/2020;66.894,95;115,68;-10,35%;-43,17%
19/03/2020;68.331,80;118,16;2,15%;-41,54%
20/03/2020;67.069,36;115,98;-1,85%;-42,51%
23/03/2020;63.569,62;109,93;-5,22%;-45,32%
24/03/2020;69.729,30;120,58;9,69%;-39,86%
25/03/2020;74.955,57;129,62;7,50%;-35,11%
26/03/2020;77.709,66;134,38;3,67%;-33,77%
27/03/2020;73.428,78;126,98;-5,51%;-37,58%
30/03/2020;74.639,48;129,07;1,65%;-35,88%
31/03/2020;73.019,76;126,27;-2,17%;-37,43%
01/04/2020;70.966,70;122,72;-2,81%;-40,10%
02/04/2020;72.253,46;124,94;1,81%;-39,21%
03/04/2020;69.537,56;120,25;-3,76%;-40,58%
06/04/2020;74.072,98;128,09;6,52%;-37,43%
07/04/2020;76.358,09;132,04;3,08%;-36,12%
08/04/2020;78.624,62;135,96;2,97%;-33,58%
09/04/2020;77.681,94;134,33;-1,20%;-32,14%
13/04/2020;78.835,82;136,33;1,49%;-32,32%
14/04/2020;79.918,36;138,20;1,37%;-30,74%
15/04/2020;78.831,46;136,32;-1,36%;-31,76%
16/04/2020;77.811,85;134,55;-1,29%;-31,60%
17/04/2020;78.990,29;136,59;1,51%;-31,09%
20/04/2020;78.972,76;136,56;-0,02%;-31,66%
22/04/2020;80.687,15;139,53;2,17%;-30,46%
23/04/2020;79.673,30;137,77;-1,26%;-30,83%
24/04/2020;75.330,61;130,26;-5,45%;-33,79%
27/04/2020;78.238,60;135,29;3,86%;-30,50%
28/04/2020;81.312,23;140,61;3,93%;-29,52%
29/04/2020;83.170,80;143,82;2,29%;-28,72%
30/04/2020;80.505,89;139,21;-3,20%;-30,40%
04/05/2020;78.876,22;136,39;-2,02%;-31,04%
05/05/2020;79.470,78;137,42;0,75%;-31,08%
06/05/2020;79.063,68;136,72;-0,51%;-31,24%
07/05/2020;78.118,57;135,08;-1,20%;-32,96%
08/05/2020;80.263,35;138,79;2,75%;-29,95%
11/05/2020;79.064,60;136,72;-1,49%;-30,45%
12/05/2020;77.871,95;134,66;-1,51%;-26,34%
13/05/2020;77.772,20;134,49;-0,13%;-24,48%
14/05/2020;79.010,81;136,63;1,59%;-24,15%
15/05/2020;77.556,62;134,11;-1,84%;-27,26%
18/05/2020;81.194,29;140,40;4,69%;-23,07%
19/05/2020;80.742,35;139,62;-0,56%;-24,70%
20/05/2020;81.319,45;140,62;0,71%;-20,46%
21/05/2020;83.027,09;143,57;2,10%;-15,28%
22/05/2020;82.173,21;142,10;-1,03%;-4,52%
25/05/2020;85.663,48;148,13;4,25%;-7,10%
26/05/2020;85.468,91;147,80;-0,23%;0,35%
27/05/2020;87.946,25;152,08;2,90%;21,17%
28/05/2020;86.949,09;150,35;-1,13%;5,17%
29/05/2020;87.402,59;151,14;0,52%;22,81%
01/06/2020;88.620,10;153,24;1,39%;18,77%
02/06/2020;91.046,38;157,44;2,74%;36,10%
03/06/2020;93.002,14;160,82;2,15%;36,10%
04/06/2020;93.828,61;162,25;0,89%;39,90%
05/06/2020;94.637,06;163,65;0,86%;48,87%
08/06/2020;97.644,67;168,85;3,18%;40,03%
09/06/2020;96.746,55;167,30;-0,92%;29,07%
10/06/2020;94.685,98;163,73;-2,13%;21,85%
12/06/2020;92.795,27;160,46;-2,00%;26,37%
15/06/2020;92.375,52;159,74;-0,45%;23,76%
16/06/2020;93.531,17;161,74;1,25%;28,09%
17/06/2020;95.547,29;165,22;2,16%;34,64%
18/06/2020;96.125,24;166,22;0,60%;33,04%
19/06/2020;96.572,10;167,00;0,46%;38,88%
22/06/2020;95.335,96;164,86;-1,28%;28,71%
23/06/2020;95.975,16;165,96;0,67%;25,69%
24/06/2020;94.377,36;163,20;-1,66%;20,04%
25/06/2020;95.983,09;165,98;1,70%;23,56%
26/06/2020;93.834,49;162,26;-2,24%;19,03%
29/06/2020;95.735,35;165,55;2,03%;19,79%
30/06/2020;95.055,82;164,37;-0,71%;20,58%
01/07/2020;96.203,20;166,36;1,21%;23,64%
02/07/2020;96.234,96;166,41;0,03%;21,83%
03/07/2020;96.764,85;167,33;0,55%;22,53%
06/07/2020;98.937,16;171,08;2,24%;22,62%
07/07/2020;97.761,04;169,05;-1,19%;22,70%
08/07/2020;99.769,88;172,52;2,05%;32,44%
09/07/2020;99.160,33;171,47;-0,61%;26,74%
10/07/2020;100.031,83;172,98;0,88%;23,02%
13/07/2020;98.697,06;170,67;-1,33%;18,67%
14/07/2020;100.440,23;173,68;1,77%;24,76%
15/07/2020;101.790,54;176,02;1,34%;29,05%
16/07/2020;100.553,27;173,88;-1,22%;26,53%
17/07/2020;102.888,25;177,92;2,32%;30,13%
20/07/2020;104.426,37;180,58;1,49%;33,68%
21/07/2020;104.309,74;180,38;-0,11%;29,96%
22/07/2020;104.289,57;180,34;-0,02%;31,90%
23/07/2020;102.293,31;176,89;-1,91%;31,36%
24/07/2020;102.381,58;177,04;0,09%;31,64%
27/07/2020;104.477,08;180,66;2,05%;32,23%
28/07/2020;104.109,07;180,03;-0,35%;34,24%
29/07/2020;105.605,17;182,62;1,44%;30,06%
30/07/2020;105.008,70;181,58;-0,56%;30,05%
31/07/2020;102.912,24;177,96;-2,00%;26,55%
03/08/2020;102.829,96;177,82;-0,08%;23,85%
04/08/2020;101.215,87;175,03;-1,57%;23,17%
05/08/2020;102.801,76;177,77;1,57%;20,01%
06/08/2020;104.125,64;180,06;1,29%;21,83%
07/08/2020;102.775,55;177,72;-1,30%;16,86%
10/08/2020;103.444,48;178,88;0,65%;18,97%
11/08/2020;102.174,40;176,68;-1,23%;16,90%
12/08/2020;102.117,79;176,58;-0,06%;15,23%
13/08/2020;100.460,60;173,72;-1,62%;10,34%
14/08/2020;101.353,45;175,26;0,89%;8,98%
17/08/2020;99.595,41;172,22;-1,73%;6,15%
18/08/2020;102.065,35;176,49;2,48%;7,85%
19/08/2020;100.853,72;174,40;-1,19%;3,29%
20/08/2020;101.467,87;175,46;0,61%;4,88%
21/08/2020;101.521,29;175,55;0,05%;7,22%
24/08/2020;102.297,95;176,90;0,77%;10,24%
25/08/2020;102.117,64;176,58;-0,18%;10,55%
26/08/2020;100.627,33;174,01;-1,46%;7,59%
27/08/2020;100.623,64;174,00;0,00%;5,31%
28/08/2020;102.142,93;176,63;1,51%;6,26%
31/08/2020;99.369,15;171,83;-2,72%;2,90%
01/09/2020;102.167,65;176,67;2,82%;7,17%
02/09/2020;101.911,13;176,23;-0,25%;6,18%
03/09/2020;100.721,36;174,17;-1,17%;6,72%
04/09/2020;101.241,73;175,07;0,52%;5,48%
08/09/2020;100.050,43;173,01;-1,18%;6,62%
09/09/2020;101.292,05;175,16;1,24%;5,80%
10/09/2020;98.834,59;170,91;-2,43%;3,98%
11/09/2020;98.363,22;170,09;-0,48%;2,25%
14/09/2020;100.274,52;173,40;1,94%;4,20%
15/09/2020;100.297,91;173,44;0,02%;3,65%
16/09/2020;99.675,68;172,36;-0,62%;0,75%
17/09/2020;100.097,83;173,09;0,42%;2,39%
18/09/2020;98.289,71;169,97;-1,81%;-1,48%
21/09/2020;96.990,72;167,72;-1,32%;-2,19%
22/09/2020;97.293,54;168,24;0,31%;-2,74%
23/09/2020;95.734,82;165,55;-1,60%;-3,00%
24/09/2020;97.012,07;167,76;1,33%;-3,41%
25/09/2020;96.999,38;167,73;-0,01%;-4,71%
28/09/2020;94.666,37;163,70;-2,41%;-5,85%
29/09/2020;93.580,35;161,82;-1,15%;-9,05%
30/09/2020;94.603,38;163,59;1,09%;-9,41%
01/10/2020;95.478,52;165,10;0,93%;-8,47%
02/10/2020;94.015,68;162,57;-1,53%;-9,85%
05/10/2020;96.089,19;166,16;2,21%;-6,07%
06/10/2020;95.615,03;165,34;-0,49%;-6,61%
07/10/2020;95.526,26;165,19;-0,09%;-8,57%
08/10/2020;97.919,73;169,33;2,51%;-5,95%
09/10/2020;97.483,31;168,57;-0,45%;-7,69%
13/10/2020;98.502,82;170,33;1,05%;-6,20%
14/10/2020;99.334,43;171,77;0,84%;-3,48%
15/10/2020;99.054,06;171,29;-0,28%;-3,67%
16/10/2020;98.309,12;170,00;-0,75%;-2,87%
19/10/2020;98.657,65;170,60;0,35%;-4,03%
20/10/2020;100.539,83;173,86;1,91%;-3,44%
21/10/2020;100.552,44;173,88;0,01%;-2,16%
22/10/2020;101.917,73;176,24;1,36%;-1,48%
23/10/2020;101.259,75;175,10;-0,65%;-0,90%
26/10/2020;101.016,96;174,68;-0,24%;-1,08%
27/10/2020;99.605,54;172,24;-1,40%;-0,85%
28/10/2020;95.368,76;164,91;-4,25%;-5,90%
29/10/2020;96.582,16;167,01;1,27%;-3,03%
30/10/2020;93.952,40;162,47;-2,72%;-7,95%
03/11/2020;95.979,71;165,97;2,16%;-4,83%
04/11/2020;97.866,81;169,23;1,97%;-3,55%
05/11/2020;100.751,40;174,22;2,95%;-0,76%
06/11/2020;100.925,11;174,52;0,17%;-1,34%
09/11/2020;103.515,16;179,00;2,57%;1,37%
10/11/2020;105.066,96;181,68;1,50%;4,41%
11/11/2020;104.808,83;181,24;-0,25%;4,16%
12/11/2020;102.507,01;177,26;-2,20%;0,36%
13/11/2020;104.723,00;181,09;2,16%;5,39%
16/11/2020;106.429,92;184,04;1,63%;4,17%
17/11/2020;107.248,63;185,46;0,77%;5,24%
18/11/2020;106.119,09;183,50;-1,05%;5,36%
19/11/2020;106.669,90;184,46;0,52%;5,36%
20/11/2020;106.042,48;183,37;-0,59%;5,99%
23/11/2020;107.378,92;185,68;1,26%;6,01%
24/11/2020;109.786,30;189,85;2,24%;11,08%
25/11/2020;110.132,53;190,44;0,32%;11,97%
26/11/2020;110.227,09;190,61;0,09%;9,93%
27/11/2020;110.575,47;191,21;0,32%;10,25%
30/11/2020;108.893,32;188,30;-1,52%;9,25%
01/12/2020;111.399,91;192,64;2,30%;11,29%
02/12/2020;111.878,53;193,46;0,43%;13,83%
03/12/2020;112.291,59;194,18;0,37%;15,78%
04/12/2020;113.750,22;196,70;1,30%;16,91%
07/12/2020;113.589,77;196,42;-0,14%;18,65%
08/12/2020;113.793,06;196,77;0,18%;17,30%
09/12/2020;113.001,16;195,40;-0,70%;16,50%
10/12/2020;115.128,63;199,08;1,88%;21,62%
11/12/2020;115.128,00;199,08;0,00%;23,03%
14/12/2020;114.611,12;198,19;-0,45%;21,15%
15/12/2020;116.148,63;200,85;1,34%;21,65%
16/12/2020;117.857,35;203,80;1,47%;25,36%
17/12/2020;118.400,57;204,74;0,46%;23,22%
18/12/2020;118.023,67;204,09;-0,32%;23,44%
21/12/2020;115.822,57;200,28;-1,86%;21,25%
22/12/2020;116.636,18;201,69;0,70%;19,11%
23/12/2020;117.806,85;203,71;1,00%;20,85%
28/12/2020;119.123,70;205,99;1,12%;20,93%
29/12/2020;119.409,15;206,49;0,24%;20,21%
30/12/2020;119.017,24;205,81;-0,33%;20,15%
04/01/2021;118.854,71;205,53;-0,14%;20,90%
05/01/2021;119.376,21;206,43;0,44%;21,00%
06/01/2021;119.100,08;205,95;-0,23%;18,46%
07/01/2021;122.385,92;211,63;2,76%;21,71%
08/01/2021;125.076,63;216,29;2,20%;22,72%
11/01/2021;123.255,13;213,14;-1,46%;21,72%
12/01/2021;123.998,00;214,42;0,60%;22,75%
13/01/2021;121.933,08;210,85;-1,67%;22,42%
14/01/2021;123.480,52;213,53;1,27%;29,48%
15/01/2021;120.348,80;208,11;-2,54%;24,61%
18/01/2021;121.241,63;209,65;0,74%;29,05%
19/01/2021;120.636,39;208,61;-0,50%;25,69%
20/01/2021;119.646,40;206,90;-0,82%;22,25%
21/01/2021;118.328,99;204,62;-1,10%;17,45%
22/01/2021;117.380,49;202,98;-0,80%;16,30%
26/01/2021;116.464,06;201,39;-0,78%;12,51%
27/01/2021;115.882,30;200,39;-0,50%;10,29%
28/01/2021;118.883,25;205,58;2,59%;13,43%
29/01/2021;115.067,55;198,98;-3,21%;12,25%
